ds,yhat,yhat_lower,yhat_upper,trend
2014-01-03,1399.6724790555413,-1105.2851654028566,3930.1428048582457,1155.6870860261322
2014-01-04,977.5888178737025,-1568.5604261676317,3613.4874156474248,1155.8542147267412
2014-01-05,1031.2118571840986,-1291.3050542859958,3690.8752337823253,1156.0213434273505
2014-01-06,1110.8383903436188,-1404.8661615857693,3803.342440072446,1156.1884721279598
2014-01-07,404.540375610061,-2194.9873944626424,2944.3755259402274,1156.3556008285689
2014-01-08,-623.8189419392356,-3225.972691693563,1796.3224895521173,1156.5227295291784
2014-01-09,454.22137706487797,-2077.863749102184,3350.8097897665184,1156.6898582297877
2014-01-10,891.8264765828613,-1740.7525030545216,3355.61063510911,1156.8569869303967
2014-01-11,519.8061744802553,-1955.1477874155385,3120.3516689906246,1157.024115631006
2014-01-12,628.3539048840036,-1788.2979404314415,3135.6153232188535,1157.1912443316153
2014-01-13,766.7552835468448,-1852.007453752843,3222.7372523901327,1157.3583730322243
2014-01-14,121.97132735527953,-2203.8216776832082,2700.782571130815,1157.5255017328336
2014-01-15,-843.3210748293127,-3403.3118020805227,1887.936963259082,1157.692630433443
2014-01-16,298.1038434711886,-2247.261848480356,2794.8603856118,1157.8597591340522
2014-01-17,798.1554648173383,-1906.6290635189307,3316.436963274787,1158.0268878346612
2014-01-18,486.39644522846686,-1919.393062447232,3060.105298475787,1158.1940165352707
2014-01-19,651.8110998923246,-1874.1243932455252,3195.2830484042843,1158.36114523588
2014-01-20,2129.1141543339945,-456.0420967879314,4791.695898805562,1158.528273936489
2014-01-21,244.50570981131125,-2253.126683690749,2954.9075516135804,1158.6954026370984
2014-01-22,-680.5502958380018,-3253.6649692794913,1882.1075812355314,1158.8625313377077
2014-01-23,493.8181791165907,-2276.1180551893435,2992.396335738169,1159.0296600383167
2014-01-24,1018.9022519685532,-1507.01860557188,3383.4953311977038,1159.196788738926
2014-01-25,723.8270546750367,-1740.9703252842075,3309.1938584884465,1159.3639174395353
2014-01-26,897.332459203197,-1662.757797165382,3387.2294190206226,1159.5310461401446
2014-01-27,1087.5184544801782,-1727.7952859540503,3739.1460875588314,1159.6981748407536
2014-01-28,480.4592393106269,-2048.600032614593,3043.8356553052186,1159.8653035413631
2014-01-29,-461.7322031491135,-3101.8532177827415,2078.2152085347507,1160.0324322419724
2014-01-30,687.945560122387,-1789.4257062956765,3284.6959688178376,1160.1995609425815
2014-01-31,1181.5258689883804,-1606.1185109968455,3668.968667366728,1160.3666896431907
2014-02-01,849.0440984282732,-1643.6492571058193,3291.1940189408842,1160.5338183438
2014-02-02,980.2981618800319,-1671.8477628877004,3408.090573482416,1160.700947044409
2014-02-03,1124.5699182711783,-1469.4385294259541,3676.3169330871965,1160.8680757450184
2014-02-04,469.2120986233308,-2262.7564020626482,3061.258105978312,1161.0352044456276
2014-02-05,-522.316846659041,-3222.766630168083,2087.9902894828456,1161.2023331462367
2014-02-06,578.3653338086068,-1933.4866289628071,3026.7596651862204,1161.369461846846
2014-02-07,1024.675464313545,-1457.163409117259,3523.682100945144,1161.5365905474555
2014-02-08,648.0020723412612,-2118.9291820849517,3197.6572936082684,1161.7037192480645
2014-02-09,739.4333824357914,-1908.1196371653837,3272.0649257362747,1161.8708479486738
2014-02-10,849.4474964858864,-1510.7414377576436,3303.044765202119,1162.037976649283
2014-02-11,166.4701436965962,-2235.2176821070766,2805.57883879432,1162.2051053498924
2014-02-12,-845.1168779867439,-3468.4132520446938,1727.760327633977,1162.3722340505014
2014-02-13,243.81940061474302,-2152.8393502993295,3007.1937772332,1162.5393627511107
2014-02-14,687.2549136042325,-1847.9364595336478,3214.0492145237677,1162.70649145172
2014-02-15,316.9311908009104,-2199.8545032376064,2959.4180316252273,1162.873620152329
2014-02-16,424.07369968348985,-2116.9166830796617,3069.0685133630946,1163.0407488529386
2014-02-17,178.3058685507225,-2109.3602513796463,2660.0516903004564,1163.2078775535479
2014-02-18,-89.9344772625218,-2400.4387852881646,2652.557949737267,1163.375006254157
2014-02-19,-1059.0968172818232,-3367.6593188687416,1635.2269707370424,1163.5421349547662
2014-02-20,80.00417808282259,-2508.0116160778207,2889.1851621631126,1163.7092637764351
2014-02-21,580.4382330400346,-1982.8453991481629,3128.7454808117805,1163.8763925981038
2014-02-22,272.87396328372415,-2084.8658645932187,2926.4076366864037,1164.0435214197728
2014-02-23,447.32144684186324,-1899.453490070592,3120.097859021981,1164.2106502414415
2014-02-24,652.8454614157706,-2037.9769800635613,3222.2844726634003,1164.3777790631104
2014-02-25,76.15422875158538,-2474.130593412204,2635.0665638131386,1164.5449078847791
2014-02-26,-820.3539495442833,-3477.942172551842,1761.132025205315,1164.712036706448
2014-02-27,390.24889076787485,-2212.797594211971,3054.4939614079312,1164.879165528117
2014-02-28,959.5618687994348,-1616.751854870874,3528.860397193531,1165.0462943497857
2014-03-01,716.8316112208186,-1670.141382276118,3189.0416695966987,1165.2134231714547
2014-03-02,950.7270476493982,-1757.2081788180253,3448.0753202340834,1165.3805519931234
2014-03-03,1209.0828654640984,-1110.9364537944211,3796.091446563265,1165.5476808147923
2014-03-04,677.5157453592269,-1824.782816568824,3452.3570478181164,1165.714809636461
2014-03-05,-182.5048870950011,-2645.2308144387484,2383.8353755504445,1165.88193845813
2014-03-06,1055.2028990732658,-1512.242341083448,3665.4940295717142,1166.0490672797987
2014-03-07,1641.690809616926,-1013.5879364780328,4190.636433183737,1166.2161961014674
2014-03-08,1405.8677033052866,-1445.9474587641778,3963.5429585131,1166.3833249231363
2014-03-09,1636.2804297064347,-785.5360480448768,4206.576141093499,1166.550453744805
2014-03-10,1880.8582366401945,-702.1596436476365,4323.4316799603175,1166.717582566474
2014-03-11,1325.5248886853662,-1181.1724488312798,3713.00355043822,1166.8847113881427
2014-03-12,432.2603775004749,-1889.3374316979268,2929.1093272956637,1167.0518402098116
2014-03-13,1627.946983273497,-1035.8128570864383,4078.1421295796254,1167.2189690314806
2014-03-14,2164.5085668109823,-415.1731847458283,4679.7858933182,1167.3860978531493
2014-03-15,1871.8761744989843,-885.9214712059631,4429.475459549776,1167.5532266748182
2014-03-16,2039.7438788736167,-464.38959690942147,4500.780658626233,1167.720355496487
2014-03-17,2217.2856111510464,-563.7579723781923,4773.405851879253,1167.8874843181559
2014-03-18,1591.7378306470334,-907.5572162069199,4016.452363111621,1168.0546131398246
2014-03-19,626.4306542191853,-2103.481110806159,3208.3657172734147,1168.2217419614935
2014-03-20,1749.6029667710527,-824.9268676275329,4264.679349566613,1168.3888707831625
2014-03-21,2214.511154069355,-271.42483354356665,4898.897600557809,1168.5559996048312
2014-03-22,1852.3652820462685,-642.0674108253255,4244.858058089053,1168.7231284265001
2014-03-23,1954.0573490552647,-592.9818711665027,4471.687137314342,1168.8902572481688
2014-03-24,2069.8530149945877,-303.5915764725962,4939.958071002355,1169.0573860698378
2014-03-25,1387.9522279931625,-1241.680137887833,3932.3438684600155,1169.2245148915065
2014-03-26,372.5018616068867,-2232.3947151017946,3037.5371609176495,1169.3916437131754
2014-03-27,1452.3962760040586,-1044.4767961831765,3870.2035237750156,1169.5587725348441
2014-03-28,1881.3757306145465,-821.866119802367,4369.299569687777,1169.725901356513
2014-03-29,1490.9566463859737,-1123.261634076007,4160.803079768494,1169.8930301781818
2014-03-30,1572.1584028952727,-915.4407262968019,4066.0181192763575,1170.0601589998505
2014-03-31,1675.1980180009311,-920.6194329771128,4074.0853242592716,1170.2272878215194
2014-04-01,988.0579624913062,-1599.1978663871687,3583.274028019298,1170.3944166431884
2014-04-02,-25.490051426440687,-2831.3539104197093,2642.337905992574,1170.561545464857
2014-04-03,1062.9302344709506,-1325.0866326878204,3632.747724152128,1170.728674286526
2014-04-04,1506.4159153869225,-762.535443585088,4215.523808429947,1170.8958031081947
2014-04-05,1135.7356693460524,-1482.512369558912,3702.090682657772,1171.0629319298637
2014-04-06,1241.0790558936565,-1395.2116775942663,3665.8626519072072,1171.2300607515324
2014-04-07,1371.775088344788,-1138.598862649933,3827.9085541592112,1171.3971907628102
2014-04-08,714.8846740409649,-1983.887593914285,3269.9166937744253,1171.564320774088
2014-04-09,-266.7508847593888,-2789.9951534970724,2298.4740366439432,1171.7314507853657
2014-04-10,854.3295543268755,-1834.2731560855825,3537.053207513751,1171.8985807966435
2014-04-11,1330.3462213823254,-1389.530977220784,3789.437682349651,1172.0657108079213
2014-04-12,991.2503776928781,-1671.6734983419192,3667.046409301619,1172.2328408191988
2014-04-13,1126.4925384342591,-1591.368980738357,3548.7882655099443,1172.3999708304766
2014-04-14,1284.7572510938537,-1299.6436178550732,3932.0637194684355,1172.5671008417544
2014-04-15,652.5686693728567,-1979.1872618612922,3226.0426292973975,1172.7342308530322
2014-04-16,-307.65116675973536,-3033.0164197312997,2242.5561254760996,1172.90136086431
2014-04-17,831.2633767692835,-1716.411669090224,3488.4650685565957,1173.0684908755877
2014-04-18,1321.3634410505792,-1183.7364606493497,3941.602767967421,1173.2356208868655
2014-04-19,992.556711258194,-1654.6723367871932,3437.601186076302,1173.4027508981433
2014-04-20,1134.3712822806817,-1485.6364743500333,3582.7855755999335,1173.5698809094208
2014-04-21,1295.6828420027978,-1312.8314265768583,3909.967904467152,1173.7370109206986
2014-04-22,663.309708606751,-1912.4627690074094,2904.5004706128952,1173.9041409319766
2014-04-23,-299.94199670531907,-2842.7164616966083,2356.1576455581176,1174.0712709432544
2014-04-24,833.5521134387774,-1939.6181825650526,3290.546689319147,1174.238400954532
2014-04-25,1316.3597061146224,-1194.8976152845873,3756.3852023513373,1174.4055309658097
2014-04-26,978.944728980566,-1556.2862012904473,3601.1170830788215,1174.5726609770875
2014-04-27,1111.4126406983776,-1393.5923467205046,3620.3517714134873,1174.7397909883653
2014-04-28,1263.2189026062194,-1282.90563459721,3868.472902730228,1174.906920999643
2014-04-29,621.7458000286117,-1955.8681693280157,3220.44394695611,1175.0740510109208
2014-04-30,-349.6696184039006,-3053.154171119662,2121.85845704158,1175.2411810221986
2014-05-01,777.0791396059312,-1751.4068522381929,3502.6498233579655,1175.4083110334764
2014-05-02,1254.979108280021,-1335.3093801448074,3641.2652000073913,1175.575441044754
2014-05-03,914.8391717928107,-1716.067421004099,3392.81686481118,1175.7425710560317
2014-05-04,1047.0261084270521,-1502.9521310375076,3586.1580163816666,1175.9097010673095
2014-05-05,1201.166609448036,-1273.7322126141632,3664.1351776448796,1176.0768310785872
2014-05-06,564.7204660814994,-1922.568108470025,3070.9296456295847,1176.243961089865
2014-05-07,-398.9922456022689,-3067.489538854968,1928.6256232264654,1176.4110911011428
2014-05-08,738.0255992029377,-1916.9987913324248,3186.924773850876,1176.5782211124206
2014-05-09,1228.564071479272,-1312.922353844571,3613.9133077504016,1176.7453511236984
2014-05-10,903.1548133584256,-1798.8154095647449,3317.022241929556,1176.912481134976
2014-05-11,1051.8166509201124,-1368.1044954297624,3616.4255076259133,1177.0796111462537
2014-05-12,1223.769107662223,-1297.1786602909424,3863.450142660929,1177.2467411575317
2014-05-13,606.0186375570011,-2150.3530242665215,3256.5078115224997,1177.4138711688095
2014-05-14,-338.60000455791373,-2897.125017528916,2261.326996758456,1177.581001180087
2014-05-15,817.4078893198674,-1820.3378578442027,3284.042787961517,1177.7481311913648
2014-05-16,1326.3280204945986,-1066.4613226201166,3980.0287105094358,1177.9152612026426
2014-05-17,1018.2006587284377,-1582.844144336652,3535.840915820195,1178.0823912139203
2014-05-18,1182.5805798614317,-1488.5594503909088,3964.3436314295996,1178.2495212251981
2014-05-19,1368.2638726811904,-1061.0484990383886,3937.6086615132363,1178.416651236476
2014-05-20,761.8860655866366,-1811.3993104163574,3372.730523282322,1178.5837812477537
2014-05-21,-174.026329716095,-2796.6213716115826,2363.26844255999,1178.7509112590315
2014-05-22,987.7840227741975,-1600.9756165130602,3572.1496004679298,1178.918041270309
2014-05-23,1499.4423261872437,-988.8638138513071,4104.234284398872,1179.085171281587
2014-05-24,1190.908908187769,-1375.2474635945175,3724.0441166926676,1179.2523006866286
2014-05-25,1351.740459866876,-1170.1781012576564,3949.9664126832186,1179.4194300916702
2014-05-26,2665.8897500676635,153.8496658902318,5103.385851573317,1179.5865594967117
2014-05-27,914.9304469568442,-1571.2497974373841,3571.8469408984242,1179.7536889017535
2014-05-28,-33.15701254810347,-2411.6198659683905,2561.480196308792,1179.9208183067954
2014-05-29,1114.1070716546549,-1452.4857305701155,3524.4680165344157,1180.087947711837
2014-05-30,1609.1994496153848,-938.3912752398493,4191.424978698045,1180.2550771168785
2014-05-31,1282.4766109588086,-1486.073311771384,3911.931160214822,1180.42220652192
2014-06-01,1423.9243788763347,-1154.513810893587,3968.469903287299,1180.589335926962
2014-06-02,1582.8712976092686,-889.5471974837518,4059.6144796576755,1180.7564653320035
2014-06-03,946.5707150171941,-1691.6152698125688,3680.4154312311134,1180.923594737045
2014-06-04,-21.76582340371283,-2489.2450723634265,2347.777920293634,1181.0907241420866
2014-06-05,1105.8515817179239,-1452.7465477128915,3516.840392889505,1181.2578535471282
2014-06-06,1582.3076108976657,-981.9620716871159,4127.632117844992,1181.42498295217
2014-06-07,1238.328056724274,-1330.308289344873,3789.9501924507645,1181.5921123572118
2014-06-08,1364.2204382993964,-1288.2906485556473,3850.5114669240675,1181.7592417622534
2014-06-09,1509.5800074784238,-1017.087043585435,4233.154422600206,1181.926371167295
2014-06-10,861.8662294253531,-1604.861272389603,3224.3893262821566,1182.0935005723366
2014-06-11,-115.56752216444465,-2572.9148078462854,2360.4957216557623,1182.2606299773784
2014-06-12,1005.3444601012254,-1638.04354714389,3467.8521379264134,1182.42775938242
2014-06-13,1477.4968851982746,-1138.7989566771996,4038.473657148426,1182.5948887874615
2014-06-14,1131.5619515919104,-1438.6959277406095,3725.711490161271,1182.762018192503
2014-06-15,1257.7339228890721,-1166.6734925180203,3694.647079495952,1182.9291475975447
2014-06-16,1405.440735178017,-1150.5208764355523,3955.454164998793,1183.0962770025865
2014-06-17,761.9275078785329,-1664.1628469248362,3319.5269841853105,1183.2634064076283
2014-06-18,-209.70555131131414,-2710.1402124548013,2507.1200943681374,1183.4305358126699
2014-06-19,918.3243872789539,-1567.7831285659834,3387.9760199804273,1183.5976652177114
2014-06-20,1398.6091483463588,-1232.5042176835707,4006.304190855603,1183.764794622753
2014-06-21,1061.508027078801,-1342.4125029517081,3741.971679743107,1183.9319240277946
2014-06-22,1196.9023183761562,-1585.9831134763615,3657.247361359887,1184.0990534328364
2014-06-23,1353.9165351201186,-1365.1434102638434,3805.8329622385504,1184.266182837878
2014-06-24,719.5108956536073,-1861.524480553983,3197.53360969534,1184.4333122429196
2014-06-25,-243.47269469904086,-2746.7259727775945,2267.724701208604,1184.6004416479611
2014-06-26,892.5238344496743,-1824.5115445365589,3466.4717697121628,1184.7675710530027
2014-06-27,1379.906712138863,-1186.4940447339004,3922.8896244631164,1184.9347004580445
2014-06-28,1048.8929520670013,-1567.2107995765955,3548.029513144396,1185.1018298630863
2014-06-29,1189.26746615951,-1313.4626906189817,3770.950371364143,1185.268959268128
2014-06-30,1350.1052563087035,-1270.5223311437317,3889.185103124921,1185.4360886731695
2014-07-01,718.363272576514,-1861.7595616782,3312.7921030689886,1185.603218078211
2014-07-02,-243.07577779424992,-2741.0933684557617,2293.3655902575406,1185.7703474832529
2014-07-03,893.4274405061194,-1720.7249787865214,3609.053435623702,1185.9374768882944
2014-07-04,726.8599564322351,-1710.275367360955,3314.9764433155287,1186.104606293336
2014-07-05,1048.1933385226453,-1550.0218810914973,3514.8258872482606,1186.2717356983776
2014-07-06,1186.7735740374676,-1345.645310542486,3905.255098322146,1186.4388651034192
2014-07-07,1345.3962022182375,-1152.4365815066546,4017.6937529014085,1186.605994508461
2014-07-08,711.2101779813574,-1978.9161047009395,3219.7050757121083,1186.7731239135026
2014-07-09,-252.7101460013423,-2761.8891645374915,2331.2501415067372,1186.9402535815761
2014-07-10,881.4581898819246,-1883.5219558458575,3403.022303601407,1187.1073832496497
2014-07-11,1366.406667843206,-1306.231265013931,3941.094064140405,1187.2745129177235
2014-07-12,1032.645468904264,-1587.23484812066,3408.998350444841,1187.4416425857971
2014-07-13,1170.248212400725,-1473.128529383145,3840.4334359099907,1187.608772253871
2014-07-14,1328.5622878372983,-1166.664935028254,3848.953447079439,1187.7759019219445
2014-07-15,694.7897838027541,-2007.9577996476442,3352.85473024106,1187.943031590018
2014-07-16,-267.97832058402673,-2812.1534301698744,2376.123692437879,1188.1101612580917
2014-07-17,868.0607426693557,-1729.1535547618953,3307.4299577732795,1188.2772909261655
2014-07-18,1355.5425830801987,-1355.3073780754062,3779.912963141752,1188.444420594239
2014-07-19,1024.8883763897445,-1555.4773740953212,3509.8768415171758,1188.611550262313
2014-07-20,1166.053476501701,-1517.0152619575933,3701.743391726765,1188.7786799303865
2014-07-21,1328.242812775705,-1279.1711829477326,3921.1214563808835,1188.94580959846
2014-07-22,698.4979058729427,-1890.0742598771883,3279.7149835319565,1189.1129392665339
2014-07-23,-260.26203908112416,-2714.782842465501,2336.130688564807,1189.2800689346075
2014-07-24,879.5902471742365,-1656.37245586088,3313.3907782887086,1189.447198602681
2014-07-25,1370.5189554012613,-1316.8321322785084,3865.876789422661,1189.6143282707549
2014-07-26,1042.7857814594377,-1514.8048458541102,3535.473254113382,1189.7814579388285
2014-07-27,1186.206177608861,-1290.2300542438977,3558.2825704836387,1189.9485876069023
2014-07-28,1349.8719002232408,-1240.5823437784352,3865.191797809118,1190.1157172749759
2014-07-29,720.7444303548136,-1733.2418211148606,3322.0882387596207,1190.2828469430494
2014-07-30,-238.29850993686227,-2795.4038519994315,2430.7823714371607,1190.449976611123
2014-07-31,900.3716563806273,-1689.7856728992779,3337.9311262043448,1190.6171062791968
2014-08-01,1389.266091745945,-1292.6205448966875,4030.445981004468,1190.7842359472706
2014-08-02,1058.7405080296421,-1557.8122865315988,3619.1094801862127,1190.9513656153442
2014-08-03,1198.7512191996318,-1409.5928137508583,3730.368687549628,1191.1184952834178
2014-08-04,1358.5758732598163,-1387.862552913493,3894.2213984918862,1191.2856249514914
2014-08-05,725.4034514964578,-1785.9995500815312,3243.8839805745133,1191.4527546195652
2014-08-06,-237.6241804220533,-2788.970440184265,2500.4897275521425,1191.619884287639
2014-08-07,897.4159423763124,-1648.949812319227,3580.2298293520735,1191.7870139557126
2014-08-08,1383.351937123307,-1277.4310695659476,3943.498768904499,1191.9541436237862
2014-08-09,1050.8702791261983,-1358.5140215099093,3701.6717244184515,1192.1212732918598
2014-08-10,1190.262248179405,-1400.4233502926554,3709.064407968635,1192.2884029599334
2014-08-11,1351.134468774483,-1236.696105603771,3758.005294729576,1192.4555326280072
2014-08-12,720.9884165704514,-1794.7609662195414,3157.6756430997784,1192.622662296081
2014-08-13,-236.7485261168349,-2612.466131675487,2477.022968290511,1192.7897919641546
2014-08-14,906.0949495804816,-1550.0093879089832,3379.858905418877,1192.9569216322282
2014-08-15,1402.548538085545,-1144.3872274842122,3836.569005452312,1193.1240513003017
2014-08-16,1083.4448196242806,-1329.6194507008731,3749.3173775998307,1193.2911809683756
2014-08-17,1239.1581574531297,-1186.0210705954314,3744.1518869671,1193.4583106364491
2014-08-18,1419.3090844911917,-1088.1508890941805,4211.22092576757,1193.625440304523
2014-08-19,811.3392560684251,-1760.3883508859683,3265.793842030045,1193.7925699725965
2014-08-20,-121.46028535643586,-2716.2951271887946,2426.965370555374,1193.9596996406701
2014-08-21,1048.8679991314982,-1264.1013704349114,3782.760907146497,1194.1268293087437
2014-08-22,1575.063641256385,-1161.5146698179085,4056.527792997402,1194.2939589768175
2014-08-23,1287.5956673791063,-1193.6618527452217,3902.660877577435,1194.461088644891
2014-08-24,1476.406425509967,-1160.3475916044688,4104.401283429138,1194.628218312965
2014-08-25,1690.6227407849701,-728.3910124501725,4171.770152828593,1194.7953461905147
2014-08-26,1117.139348458814,-1713.3319516696167,3759.2793478685185,1194.9624740680647
2014-08-27,218.6571501858632,-2510.291158362411,2736.960744066846,1195.1296019456147
2014-08-28,1422.5116211494053,-1116.1192000207027,4055.1357237447714,1195.2967298231642
2014-08-29,1980.8006436440896,-626.610628142716,4479.3571655019505,1195.4638577007142
2014-08-30,1723.345101626499,-784.9929140795359,4115.729093884922,1195.6309855782642
2014-08-31,1939.4462496878473,-630.4739516045059,4433.628634101701,1195.798113455814
2014-09-01,2903.625848944313,217.6761538774676,5537.099714338134,1195.965241333364
2014-09-02,1624.1465470961307,-1056.5834742065183,4043.850658083729,1196.1323692109138
2014-09-03,741.2161699367309,-1793.864064712057,3059.241953291132,1196.2994970884638
2014-09-04,1955.6752266340795,-733.4206627201389,4369.766633317244,1196.4666249660136
2014-09-05,2519.212331158973,-14.840874502953996,5026.745773490139,1196.6337528435636
2014-09-06,2261.3191943585534,-101.90237404005005,4894.027234950701,1196.8008807211136
2014-09-07,2471.056117918877,63.730901988874166,4863.214549337505,1196.9680085986631
2014-09-08,2696.783187628045,86.8738124961752,5311.993466541423,1197.1351364762131
2014-09-09,2124.7616438583104,-417.5572731027173,4765.585288161485,1197.3022643537631
2014-09-10,1217.2075817533719,-1226.4894919807575,3963.1701292120206,1197.469392231313
2014-09-11,2401.1329405932033,-107.51188428563813,4986.81927671854,1197.636520108863
2014-09-12,2928.482785688051,368.63142577185994,5726.8732600506255,1197.803647986413
2014-09-13,2629.1020096658776,-25.73617381609313,5314.966392648964,1197.9707758639627
2014-09-14,2792.4953401864614,340.2534168927213,5443.052384197293,1198.1379037415124
2014-09-15,2967.5512955811864,203.94229337864022,5480.811686695042,1198.3050316190624
2014-09-16,2341.134742303638,-133.33540862901495,4909.746233027893,1198.4721594966124
2014-09-17,1376.1304148480217,-1262.2831658608739,4074.6601414102815,1198.6392873741622
2014-09-18,2500.2725921400124,-39.2952484152103,4986.819958585936,1198.806415251712
2014-09-19,2966.2701879877222,431.4199005779037,5434.0072315452035,1198.973543129262
2014-09-20,2604.7606495063346,45.758109721618744,5001.627842432766,1199.1406710068118
2014-09-21,2706.0568233609656,1.3778581138088088,5145.240449490593,1199.3077988843618
2014-09-22,2819.857703095655,108.5652701741157,5180.004330217315,1199.4749267619118
2014-09-23,2133.8279751888595,-450.7255843974276,4654.252218056389,1199.6420546394615
2014-09-24,1111.6289743936827,-1370.5454818112737,3631.470771364233,1199.8091825170113
2014-09-25,2181.7364724191875,-275.7265684776636,4837.289636202462,1199.9763103945613
2014-09-26,2597.55476323111,97.66619187235325,5131.15931332475,1200.143438272111
2014-09-27,2190.3606160303866,-332.60968706157564,4702.306388677794,1200.310566149661
2014-09-28,2251.041401473799,-388.880588811834,4849.530615080988,1200.477694027211
2014-09-29,2329.798416687291,-122.13268954886136,4933.770908518565,1200.6448219047609
2014-09-30,1614.7204046025688,-928.7554012631537,4299.822253309658,1200.8119497823106
2014-10-01,569.8099217579372,-2003.0276592670007,3330.487713659445,1200.9790776598606
2014-10-02,1623.797988919423,-1082.773918396028,4121.3420545655,1201.1462055374107
2014-10-03,2030.256466855436,-603.9770579499527,4533.475841925042,1201.3133334149604
2014-10-04,1620.5416787191953,-786.5470169046373,4162.822099225876,1201.4804612925104
2014-10-05,1685.5335099753188,-802.2521188207335,4342.666819248525,1201.6475891700602
2014-10-06,1775.3409154802284,-745.40477909086,4331.869485230011,1201.81471704761
2014-10-07,1077.8787165956257,-1446.5385520967006,3534.2621857054182,1201.98184492516
2014-10-08,56.89821732471978,-2675.512716523314,2657.797428387405,1202.14897280271
2014-10-09,1140.8069411568042,-1499.4269131819547,3750.9501961120413,1202.3161006802598
2014-10-10,1582.7867948261073,-1099.552607684336,4126.600102177793,1202.4832285578095
2014-10-11,1213.7440452006824,-1303.3328534934933,3545.218542991349,1202.650356250789
2014-10-12,1324.0552108600132,-1268.6441227572916,3870.403041175364,1202.8174839437684
2014-10-13,1186.6759558697138,-1485.099927182404,3821.9031366596764,1202.984611636748
2014-10-14,818.7437844711192,-1811.8390391789562,3474.949707164549,1203.1517393297274
2014-10-15,-146.42111072890066,-2573.236597898456,2346.10692368692,1203.3188670227066
2014-10-16,995.5484975932866,-1610.2956922004012,3739.7415128070866,1203.485994715686
2014-10-17,1497.1738240608995,-1149.8925899425847,4090.068240225799,1203.6531224086655
2014-10-18,1188.6910362491594,-1408.1338294760994,3976.613434381611,1203.820250101645
2014-10-19,1359.804265695183,-1300.7228410563316,3842.7121913136248,1203.9873777946243
2014-10-20,1559.4051585369969,-969.1536357453423,4082.6839222604676,1204.1545054876037
2014-10-21,974.1637159461495,-1526.0568900926432,3486.3973074234978,1204.3216331805831
2014-10-22,66.57284082095521,-2538.695384283621,2573.129557574961,1204.4887608735626
2014-10-23,1263.7817983321959,-1447.467130445623,3787.7073369623413,1204.655888566542
2014-10-24,1817.727818967544,-758.6492469764104,4721.872529984525,1204.8230162595214
2014-10-25,1558.0991658800374,-957.2998093732562,4110.978117250599,1204.9901439525008
2014-10-26,1774.0937124129869,-873.3868419773498,4494.099904879609,1205.1572716454803
2014-10-27,2014.1437878461893,-527.3852584573955,4599.119647564938,1205.3243993384597
2014-10-28,1464.5120151347596,-1150.4217264231154,4213.207207805623,1205.491527031439
2014-10-29,587.3405209473486,-1959.6142282842598,3087.2393367234417,1205.6586547244185
2014-10-30,1809.4886789424502,-551.8285175946289,4429.98441328581,1205.825782417398
2014-10-31,2382.6685573445084,-83.708988219541,4906.970786699254,1205.9929101103771
2014-11-01,2136.411324960164,-514.5974461197054,4679.463811348681,1206.1600378033565
2014-11-02,2359.8285846069757,-207.93037721577798,4857.749154474865,1206.3271654963362
2014-11-03,2601.339308195922,-8.735499622394947,5062.322838867268,1206.4942931893156
2014-11-04,2047.2670088513328,-487.92078141550195,4621.987257536644,1206.661420882295
2014-11-05,1159.8894408384258,-1399.9099617744353,3926.954162799267,1206.8285485752745
2014-11-06,2366.275901042735,-71.84123959909192,4839.04828112085,1206.9956762682536
2014-11-07,2918.4212224404328,372.6980718955061,5649.7075549603205,1207.162803961233
2014-11-08,2646.2096437743758,-0.1893017857952375,5249.020274411659,1207.3299316542125
2014-11-09,2839.1724695052535,294.2495271851729,5434.294533738103,1207.4970593471921
2014-11-10,3046.210158676781,544.9377127536148,5423.349488667835,1207.6641870401716
2014-11-11,3497.97768707878,762.0976215457217,6086.875055277191,1207.831314733151
2014-11-12,1525.955936852645,-1158.7088074993426,3882.100553124528,1207.9984424261302
2014-11-13,2689.2228826742644,45.14334400839287,5263.052187065675,1208.1655701191096
2014-11-14,3196.6359864728947,669.6961941054033,5779.121104887865,1208.332697812089
2014-11-15,2878.756845468576,215.4387179461308,5423.431576022045,1208.4998255050684
2014-11-16,3025.8034956811275,385.10588020241346,5526.073921713118,1208.666953198048
2014-11-17,3187.360731829399,531.5989546923333,5523.290210304631,1208.8340808910273
2014-11-18,2550.9590464005796,-51.436810839766856,5218.94993667477,1209.0012085840067
2014-11-19,1580.104720570269,-1001.2376028480478,4137.369840429335,1209.168336276986
2014-11-20,2703.096434307877,208.90540229773308,5452.550818384452,1209.3354639699655
2014-11-21,3173.1378282335745,635.6816566676168,5774.2356246206255,1209.502591662945
2014-11-22,2821.2795868787757,418.0179676205396,5286.058874578919,1209.6697193559244
2014-11-23,2938.155379760642,223.76431751445432,5487.765408643474,1209.8368470489038
2014-11-24,3073.682749495885,354.86413278159165,5714.048184724751,1210.0039747418832
2014-11-25,2415.6340389762127,-113.93855481462406,5001.892175328389,1210.1711024348626
2014-11-26,1427.660137906819,-1122.753684648173,3939.2141042348117,1210.3382291168211
2014-11-27,1905.7257607469473,-583.756333767587,4466.766018128689,1210.5053557987799
2014-11-28,3000.104039594999,568.2691807342716,5646.8688383376675,1210.6724824807384
2014-11-29,2644.549635205155,-64.53183564707358,5358.540296295263,1210.8396091626971
2014-11-30,2761.8056656738045,351.0890727451268,5372.494521106572,1211.0067358446556
2014-12-01,2901.4247178439728,291.087359110389,5386.531620818947,1211.1738625266141
2014-12-02,2250.7235439849524,-281.9576964972655,4772.220212598913,1211.3409892085729
2014-12-03,1272.815980272661,-1302.9360594860577,3797.2635867202894,1211.5081158905314
2014-12-04,2395.4364270806395,-359.5424725740141,5026.6193505266,1211.6752425724899
2014-12-05,2871.063320278591,214.3269218492598,5508.634335359139,1211.8423692544484
2014-12-06,2529.8760612632714,-44.65404127455179,5010.969809856092,1212.009495936407
2014-12-07,2661.5095392623844,5.63561609913385,5199.886730696585,1212.1766226183654
2014-12-08,2814.777032198959,-50.890944588460236,5539.192475217522,1212.3437493003241
2014-12-09,2176.266178064991,-417.25489713007886,4637.650629504625,1212.5108759822826
2014-12-10,1208.3903072685946,-1455.2873485093098,3753.2747424730746,1212.6780026642411
2014-12-11,2338.230152000533,-485.7480016713288,4847.23529100477,1212.8451293461999
2014-12-12,2817.6749085557854,288.30667982274593,5269.02364622884,1213.0122560281584
2014-12-13,2476.3956674385954,42.86323135955903,5135.012347262526,1213.1793827101171
2014-12-14,2603.6149039947695,-81.35750387553729,5173.197468941039,1213.3465093920756
2014-12-15,2747.8423990063748,170.97651536822102,5386.255959743134,1213.5136360740341
2014-12-16,2095.4819002267996,-529.7081689761968,4662.074124256962,1213.6807627559929
2014-12-17,1108.8904810760243,-1393.2977795436714,3861.100469307441,1213.8478894379514
2014-12-18,2215.2253355131816,-361.13233993261304,4907.69623357191,1214.01501611991
2014-12-19,2666.586773982546,-2.0922646587050613,5296.155383544108,1214.1821428018686
2014-12-20,2292.99029801295,-232.02176798611472,4663.939112302292,1214.3492694838271
2014-12-21,2384.1313883099383,60.152510228969454,5074.493641448944,1214.5163961657856
2014-12-22,2489.113401225268,-103.52574704563705,5025.842457584529,1214.6835228477441
2014-12-23,1795.0429950872472,-1012.6187604461413,4435.511490803987,1214.8506495297027
2014-12-24,765.0752377007236,-1844.5696205450477,3494.212029643245,1215.0177762116612
2014-12-25,3698.2835762488894,1206.5116110411657,6520.718514615571,1215.18490289362
2014-12-26,2234.5826312248155,-504.14715321101374,4704.440515874897,1215.3520295755784
2014-12-27,1818.0805869436608,-919.3517751677296,4386.962783625263,1215.5191562575371
2014-12-28,1868.4195119670167,-710.956934733461,4253.696159045032,1215.6862829394956
2014-12-29,1935.6803238052055,-643.2305303415161,4543.42685085742,1215.8534096214541
2014-12-30,1207.913918711053,-1504.3830217181292,3708.9829576168404,1216.0205363034129
2014-12-31,149.16236900348736,-2301.211925112558,2661.2431593027623,1216.1876629853714
2015-01-01,139.98668359040903,-2548.6591706612985,2706.171521625155,1216.35478966733
2015-01-02,1578.9635465040526,-908.7877373047463,4342.283621465541,1216.5219163492886
2015-01-03,1152.8268054563512,-1578.0921901344254,3627.316297501906,1216.6890430312471
2015-01-04,1200.981867845695,-1128.2855473631664,3797.456193293513,1216.8561697132056
2015-01-05,1273.800912379695,-1120.5611643687853,3820.556722000563,1217.0232963951644
2015-01-06,559.4624274701573,-2078.9859066065037,3193.5504213626386,1217.190423077123
2015-01-07,-478.0345400923263,-3021.723635884571,2146.345949037086,1217.3575497590816
2015-01-08,589.9334000794255,-1901.9609236766923,2837.969723485759,1217.5246764410401
2015-01-09,1016.7171720676006,-1595.4356387542698,3421.566101727221,1217.6918031229986
2015-01-10,633.3317547167767,-1786.9065030694446,3288.8917298284,1217.8589298049571
2015-01-11,730.190634302429,-1905.765781463093,3278.0806014429777,1218.0260564869156
2015-01-12,856.8094411560755,-1823.178121257567,3416.3867593124883,1218.1931836169424
2015-01-13,200.38391372132605,-2232.7939958092343,2568.85848529085,1218.360310746969
2015-01-14,-776.1750837586446,-3164.7636418270877,1822.3466296734287,1218.5274378769955
2015-01-15,354.58592074805915,-2431.272044397382,2961.8284506549353,1218.6945650070222
2015-01-16,844.7922887666559,-1739.5392578547319,3508.9195527142406,1218.8616921370487
2015-01-17,524.2056741517616,-2115.0274504841886,3190.4872798600836,1219.0288192670753
2015-01-18,681.9874888314084,-1866.4880261856879,3226.384496547647,1219.195946397102
2015-01-19,2153.003194654756,-340.1502126189476,4738.528682335701,1219.3630735271286
2015-01-20,263.5733861419328,-2331.7656496837853,2705.440356383416,1219.530200657155
2015-01-21,-664.7509513709947,-3170.026288621704,1923.291193389116,1219.6973277871816
2015-01-22,507.9533902894758,-2078.411067299763,2889.1818605573167,1219.8644549172081
2015-01-23,1032.991215355413,-1497.5856649856214,3471.16031046771,1220.031582047235
2015-01-24,739.4631508401606,-1794.3274687230323,3306.802850602455,1220.1987091772614
2015-01-25,916.0465734799826,-1614.824317855866,3342.702647870013,1220.365836307288
2015-01-26,1110.742107329195,-1399.0206746793165,3724.700542624685,1220.5329634373145
2015-01-27,509.4897389361528,-2033.0301644553003,3230.759512299985,1220.700090567341
2015-01-28,-425.76372468598174,-3042.6696593020392,2412.35001916841,1220.8672176973678
2015-01-29,731.7886921435875,-1838.4713259427458,3386.1987967942655,1221.0343448273943
2015-01-30,1233.961990116548,-1475.6387603296178,3808.3404816266334,1221.2014719574208
2015-01-31,910.5543380018535,-1747.8102648533911,3382.1132422141295,1221.3685990874474
2015-02-01,1051.1130890699837,-1447.7422800222173,3637.8705638821593,1221.5357262174741
2015-02-02,1204.6620687354932,-1252.7757380139144,3771.2245397368483,1221.7028533475006
2015-02-03,558.2946086614849,-2089.7061963305805,3072.3739322928,1221.8699804775272
2015-02-04,-424.7854190240778,-3273.3379426200204,2347.5070586703487,1222.0371076075537
2015-02-05,683.5605958969317,-1967.3314977825198,3439.0532674658275,1222.2042347375802
2015-02-06,1136.5226691971309,-1423.8907445942325,3780.215921100672,1222.371361867607
2015-02-07,765.2848825544315,-1716.567356325168,3514.9148345267304,1222.5384889976335
2015-02-08,860.7584052777131,-1645.0962658569667,3380.4852257285834,1222.70561612766
2015-02-09,973.2760752353131,-1535.5498804952601,3545.1903858199985,1222.8727432576866
2015-02-10,291.153812224841,-2291.0869132521175,2760.093369158294,1223.039870387713
2015-02-11,-721.2981066948144,-3269.3622226599673,1928.7048076353074,1223.2069975177399
2015-02-12,365.02198754383994,-2132.8739949966903,2852.608605101575,1223.3741246477664
2015-02-13,804.099930386275,-1711.3849372591903,3394.103013228309,1223.541251777793
2015-02-14,427.7283567870527,-2142.0502784937958,3088.0657638232415,1223.7083789078197
2015-02-15,527.2240647001342,-1903.4021284389862,2992.703450067366,1223.8755060378462
2015-02-16,272.34010064510164,-2427.7227829585618,2829.918366483975,1224.0426331678727
2015-02-17,-6.320655380542121,-2648.5322744207915,2484.601490321311,1224.2097602978995
2015-02-18,-987.0108887577464,-3763.8663346646026,1743.3069401372336,1224.376887427926
2015-02-19,139.67880991449897,-2581.346552232186,2601.543358061615,1224.5440145579526
2015-02-20,627.064428009325,-2009.611760270538,3075.0943066030177,1224.7111416879793
2015-02-21,306.0773992424672,-2399.2100060903294,2954.667003924666,1224.8782688180058
2015-02-22,467.0011577183086,-1918.6185131903285,3058.528911388354,1225.0453959480324
2015-02-23,659.1781154133839,-1674.5585441540852,3311.130252902979,1225.212523078059
2015-02-24,69.592055518998,-2490.737341608197,2570.9392403115003,1225.3796502080854
2015-02-25,-839.0915203535872,-3291.7238826065386,1681.4635648887556,1225.5467773381122
2015-02-26,360.30811610243404,-2090.0049119842606,2793.8785996476313,1225.7139044681387
2015-02-27,919.6226979790255,-1537.9395719169763,3654.287615429119,1225.8810319713623
2015-02-28,668.3060966668784,-1800.0168413522956,3121.8013019990103,1226.0481594745859
2015-03-01,895.2045203999112,-1859.296594229533,3371.8612879630778,1226.2152869778095
2015-03-02,1148.296098540574,-1275.077291780499,3653.5357315574493,1226.3824144810333
2015-03-03,613.30406395233,-2077.9855681907125,3298.9288232672925,1226.5495419842566
2015-03-04,-248.23466316473719,-2930.687600885948,2304.42794815828,1226.7166694874804
2015-03-05,989.8890490008177,-1304.0176252531292,3417.774727221892,1226.883796990704
2015-03-06,1578.7135313035033,-918.2831690386503,4022.9018797631975,1227.0509244939276
2015-03-07,1347.0943630278487,-1121.384518281634,3681.728814201578,1227.2180519971512
2015-03-08,1583.4868092085794,-792.1879679620124,3948.021173953446,1227.385179500375
2015-03-09,1835.692708441311,-647.2101442316317,4441.110919924965,1227.5523070035983
2015-03-10,1289.4758833774179,-1359.0724566147953,3949.1959113200505,1227.7194345068222
2015-03-11,406.62786615357277,-2153.8435429790356,3022.6828539080707,1227.8865620100457
2015-03-12,1613.8185921008558,-922.0776155844222,4059.607487254832,1228.0536895132693
2015-03-13,2162.7408212693617,-431.64626361810883,4732.307573806287,1228.220817016493
2015-03-14,1883.0812386216066,-640.9045109158482,4421.438400373889,1228.3879445197167
2015-03-15,2064.2820167640034,-216.70231346442964,4704.851984145843,1228.55507202294
2015-03-16,2255.263454522533,-388.00774892831896,4801.859227025221,1228.7221995261639
2015-03-17,1643.0123929367946,-1009.7798129790862,4171.98779846706,1228.8893270293875
2015-03-18,690.6188917224259,-1909.5351716068449,3336.3097929241276,1229.056454532611
2015-03-19,1826.0965540876473,-708.2783799399502,4600.490519778769,1229.2235820358346
2015-03-20,2302.496018043442,-286.3148353233544,4942.953862316594,1229.3907095390584
2015-03-21,1950.8453287747338,-575.5729705966016,4588.793753523934,1229.557837042282
2015-03-22,2061.881724523288,-471.1127795476757,4583.943562086725,1229.7249645455056
2015-03-23,2185.7461643178767,-432.3590742460003,4717.7279221715,1229.8920920487292
2015-03-24,1510.5459623059976,-1119.6821541152503,4058.522170850506,1230.0592195519528
2015-03-25,500.36860681581004,-2142.625108576087,2999.9340419542827,1230.2263470551763
2015-03-26,1584.0826645319341,-907.2257324776166,4118.267687760874,1230.3934745584002
2015-03-27,2015.4357056556264,-531.2953078662209,4631.703232247008,1230.5606020616237
2015-03-28,1625.983278059942,-1018.2565719004623,4136.329235757037,1230.7277295648473
2015-03-29,1706.8136652832013,-854.6429088067798,4113.11754064454,1230.894857068071
2015-03-30,1808.2398444872897,-634.1360984874792,4327.284139924421,1231.0619845712947
2015-03-31,1118.3639813468433,-1391.2067505898633,3743.2692287064606,1231.229112074518
2015-04-01,101.09739942919782,-2385.5540479063884,2796.3985851795305,1231.3962395777419
2015-04-02,1184.9716760004853,-1322.7485220376077,3775.641914715755,1231.5633670809655
2015-04-03,1623.2504522809263,-968.93288891595,4168.907835792149,1231.730494584189
2015-04-04,1246.875549270699,-1288.8304605037667,4066.6058139656498,1231.8976220874126
2015-04-05,1346.2116110893949,-1142.433842094481,3956.171527729382,1232.0647495906364
2015-04-06,1470.7601175845957,-1011.2405998980678,4145.8719258061365,1232.2318770938598
2015-04-07,807.7474836983168,-1694.6661673116814,3438.1114856792196,1232.3990045970836
2015-04-08,-179.83046466817063,-2880.3766071723926,2260.1638917655923,1232.5661321003072
2015-04-09,935.627355433289,-1722.6755637823783,3570.000385465797,1232.7332596035308
2015-04-10,1406.4634371817317,-1219.6877682282918,3838.642320815319,1232.9003871067544
2015-04-11,1062.7311084879716,-1499.191412614927,3549.178074879106,1233.0675146099782
2015-04-12,1193.9608635329057,-1578.6930975870525,3688.0672363112894,1233.2346421132015
2015-04-13,1348.893912314507,-1310.5570208020515,3784.9748286304803,1233.4017696164253
2015-04-14,714.0872037181634,-1807.0935170766193,3178.0291101157027,1233.5688971196491
2015-04-15,-248.02798241479718,-2825.239215847854,2306.7998316792787,1233.736212461136
2015-04-16,889.6998869966371,-1743.0870860420073,3346.42118465327,1233.9035278026229
2015-04-17,1379.2864676372467,-1121.2522695782934,4104.0008961765025,1234.0708431441099
2015-04-18,1050.584340387135,-1593.843446454886,3871.857067994124,1234.2381584855968
2015-04-19,1193.0493217372136,-1438.1553999392138,3599.07184834227,1234.4054738270836
2015-04-20,1355.470502453209,-1324.4253123158787,4055.943699195021,1234.5727891685706
2015-04-21,724.5684603532411,-1823.763585373418,3337.3587998666026,1234.7401045100576
2015-04-22,-236.95616873643417,-2745.518030376526,2300.692661158729,1234.9074198515445
2015-04-23,898.4112917677271,-1847.6520644324514,3448.175804390235,1235.0747351930313
2015-04-24,1383.1281111399992,-1516.246106861812,3917.2149081186103,1235.2420505345185
2015-04-25,1047.5506086583941,-1670.8332024730503,3583.624417983491,1235.4093658760053
2015-04-26,1181.682662109489,-1301.3258693114235,3776.938718721933,1235.5766812174923
2015-04-27,1334.8872100731016,-1291.1074814460935,3959.6140343150837,1235.7439965589792
2015-04-28,694.4657366354088,-2000.5064078233631,3233.8916694573777,1235.9113119004662
2015-04-29,-276.31154129656284,-3031.447925007828,2382.8043557788737,1236.078627241953
2015-04-30,850.6107840692932,-1839.6681299300851,3377.427842753288,1236.24594258344
2015-05-01,1328.1856766556218,-1135.3635166575912,3959.466256601182,1236.413257924927
2015-05-02,987.2056957675886,-1549.8681167560553,3559.1938879521713,1236.580573266414
2015-05-03,1118.0392266385877,-1522.5780412717475,3676.6639032608987,1236.7478886079007
2015-05-04,1270.3321472940006,-1213.1381705830015,3755.510794339871,1236.915203949388
2015-05-05,631.580147121388,-2169.020049189204,3086.05940984272,1237.0825192908746
2015-05-06,-334.8454369273147,-2797.1229521484865,2265.1900219065333,1237.2498346323616
2015-05-07,799.1173640398479,-1887.0310009350408,3548.1337623616732,1237.4171499738486
2015-05-08,1286.3348985201976,-1347.1242119134251,3856.2776233649893,1237.5844653153356
2015-05-09,957.4240698482768,-1676.257507465657,3460.096972249053,1237.7517806568223
2015-05-10,1102.495276679938,-1543.2597281310732,3547.321700620169,1237.9190959983093
2015-05-11,1270.8631139155902,-1126.303406437384,3648.9864017257337,1238.0864113397963
2015-05-12,649.6297378107032,-1949.1326868698154,3220.7080153888774,1238.2537266812833
2015-05-13,-298.27660226680314,-2854.510735925182,2134.834796301835,1238.42104202277
2015-05-14,854.7273613945745,-1601.2198474052902,3320.9157709799324,1238.5883573642573
2015-05-15,1361.0084169789757,-1159.8917796855778,4139.529861300508,1238.755672705744
2015-05-16,1050.6781697204167,-1548.209590656249,3648.4562766084746,1238.922988047231
2015-05-17,1213.351022002084,-1306.386244265295,3711.1601625811995,1239.090303388718
2015-05-18,1397.869394794493,-1111.682697692616,4018.0275572229884,1239.257618730205
2015-05-19,790.9006801700241,-1713.367687563544,3486.102357848837,1239.4249340716917
2015-05-20,-145.0119512778549,-2557.225239676471,2430.444572548686,1239.5922494131787
2015-05-21,1017.3900052521177,-1506.5023795333993,3513.804783718545,1239.7595647546657
2015-05-22,1530.2175972079717,-1174.583737949415,4047.494731083277,1239.9268800961527
2015-05-23,1223.4022756686718,-1476.8284145580535,3882.328496619062,1240.0941954376394
2015-05-24,1386.458147012234,-1122.684694864817,3856.3187058824988,1240.2615107791264
2015-05-25,2703.283077623679,144.74659857450416,5202.2116644851785,1240.4288261206134
2015-05-26,955.3852297874369,-1772.4290409177067,3559.9943655611396,1240.5961414621004
2015-05-27,10.67091594487647,-2774.886648718965,2555.150258131349,1240.7634568035874
2015-05-28,1161.5392846132531,-1368.1136153834852,3738.5855314274295,1240.9307721450741
2015-05-29,1660.38243726695,-782.5470223276898,4263.5972858769965,1241.098087486561
2015-05-30,1337.4705157337364,-1273.6909421074995,4046.6873618032228,1241.265402828048
2015-05-31,1482.703690266562,-1214.6027234179137,4070.5529103110925,1241.432718169535
2015-06-01,1645.3730151647167,-943.3205175154358,4134.918005739705,1241.6451813270037
2015-06-02,1012.6092481291097,-1517.852937102164,3557.2576974956633,1241.8576444844723
2015-06-03,47.55366690852975,-2645.766983126512,2484.842504947925,1242.0701076419411
2015-06-04,1178.1348021266476,-1437.0723272738303,3737.705267227944,1242.2825707994095
2015-06-05,1657.1862890837037,-880.0758454976803,4098.811140504202,1242.4950339568784
2015-06-06,1315.394288109825,-1219.7095712201049,3946.6414730372517,1242.707497114347
2015-06-07,1443.0388288195693,-1087.5577818178608,3966.9923901497373,1242.9199602718156
2015-06-08,1589.7001733102506,-835.3102897158262,4068.0702580231373,1243.1324234292842
2015-06-09,942.8352790424888,-1671.2166202175893,3582.9230832090575,1243.344886586753
2015-06-10,-34.19288867947421,-2813.705970365577,2366.627672261351,1243.5573497442215
2015-06-11,1086.702340931479,-1418.8194868437267,3682.8412675294667,1243.7698129016903
2015-06-12,1558.446970202548,-987.6300299827926,4141.863540215722,1243.982276059159
2015-06-13,1211.75350396425,-1412.1169912115852,3913.1155957292685,1244.1947392166276
2015-06-14,1336.8639800407811,-1150.3252875432825,4027.0580448887486,1244.4072023740962
2015-06-15,1483.259856067234,-1061.5128688862553,4091.208989640581,1244.6196655315648
2015-06-16,838.2436815425249,-1766.213641878238,3328.4907321600713,1244.8321286890334
2015-06-17,-135.02489465098097,-2639.6168000453026,2461.3911999469924,1245.0445918465023
2015-06-18,991.2965134855938,-1615.997170887601,3591.6682502330254,1245.2570550039707
2015-06-19,1469.8575666279698,-965.1137489941408,4157.531375806577,1245.4695181614395
2015-06-20,1131.0719562387485,-1405.169122043607,3800.3806126626614,1245.6819813189081
2015-06-21,1264.8703817697829,-1299.1556770058307,3752.404226648046,1245.8944444763767
2015-06-22,1420.4204289504023,-907.7930176586449,4101.99867614426,1246.1069076338454
2015-06-23,784.7179665944622,-1876.3356757931474,3604.4403753455567,1246.3193707913142
2015-06-24,-179.3676846197618,-2640.8855352184823,2318.0323853587042,1246.5318339487828
2015-06-25,955.7402103905374,-1486.6867507486159,3375.7771349019163,1246.7442971062515
2015-06-26,1442.4575857464235,-1133.9370108979458,3989.511385024726,1246.95676026372
2015-06-27,1111.002297764453,-1487.311750081552,3686.968686365101,1247.1692234211887
2015-06-28,1251.1516312421447,-1068.0366029769805,3828.8058849005965,1247.3816865786575
2015-06-29,1411.9651598549322,-1205.2876259660252,3869.9552058533304,1247.594149736126
2015-06-30,780.377520445719,-1743.4016635305732,3233.1606413052723,1247.8066128935948
2015-07-01,-180.75665039100636,-2665.2201504438935,2383.8935306737117,1248.0190760510634
2015-07-02,956.1694512312752,-1625.7817460490048,3599.2938962018925,1248.231539208532
2015-07-03,1207.9239626746376,-1403.4136569041025,3709.8312386569373,1248.4440023660006
2015-07-04,458.45523959058573,-2017.0588429896598,3138.0946104818327,1248.6564655234695
2015-07-05,1251.1302624285681,-1229.605203146231,3868.1289006818984,1248.8689286809379
2015-07-06,1410.2840273673776,-977.0294593380125,3792.0207449528534,1249.0813918384067
2015-07-07,776.5686047370864,-1656.5773582205536,3287.2613853706384,1249.2938549958753
2015-07-08,-186.97050121565667,-2794.153954118218,2420.802704963434,1249.506318153344
2015-07-09,947.4659793586407,-1462.4643731299436,3585.225029404411,1249.7187813108126
2015-07-10,1432.551867582237,-1104.8136628354864,4041.134569629315,1249.9312444682812
2015-07-11,1098.7863423153299,-1603.682812046974,3526.9574453436694,1250.1437076257498
2015-07-12,1236.2390477616157,-1386.9446390576147,3910.757078347142,1250.3561707832187
2015-07-13,1394.2605192695396,-1225.0367754480483,4004.3330631187446,1250.568633940687
2015-07-14,760.0629290466522,-1943.3556687176851,3375.6320869452607,1250.781097098156
2015-07-15,-203.24617652221445,-2718.6139346709665,2340.0973722043555,1250.9935602556245
2015-07-16,932.1583118522601,-1781.4878548255379,3376.122303617326,1251.206023413093
2015-07-17,1419.0857831834976,-1319.7072953723234,3957.2814854644716,1251.56509203651
2015-07-18,1087.8416734495463,-1492.2676390996742,3643.334370770435,1251.9241606599269
2015-07-19,1228.4145915057973,-1371.7090578425705,3790.0790256595446,1252.2832292833439
2015-07-20,1390.0436913805247,-1228.641433772125,3926.548112570684,1252.6422979067609
2015-07-21,759.804199783458,-1935.9754430044086,3083.752154390032,1253.0013665301776
2015-07-22,-199.3529969119645,-2804.637937276795,2410.79891597559,1253.3604351535944
2015-07-23,940.2275551237382,-1618.9089066376675,3667.3114570758503,1253.7195037770114
2015-07-24,1431.0333482987448,-1339.0733507233992,3858.0983221409465,1254.0785724004284
2015-07-25,1103.3432459884693,-1398.2304387159616,3648.5368688317844,1254.4376410238451
2015-07-26,1246.982663005347,-1152.7413283870626,3938.1891938284402,1254.796709647262
2015-07-27,1411.0452632111578,-1055.2514868973901,3862.180938915326,1255.155778270679
2015-07-28,782.4857843780239,-1878.8330491185247,3408.324834959171,1255.5148468940959
2015-07-29,-175.83376062939078,-2848.163508371691,2361.584079722478,1255.8739155175128
2015-07-30,963.6905131798709,-1518.3822052381975,3554.9124022867013,1256.2329841409296
2015-07-31,1453.5363831687155,-1203.0499050188541,4095.140139631072,1256.5920527643466
2015-08-01,1124.0180788605935,-1548.325890251339,3647.8765802198495,1256.9511213877636
2015-08-02,1265.0432259026793,-1327.9328444156945,3836.3681191873607,1257.3101900111806
2015-08-03,1425.8347453138726,-1140.9289628676531,3828.5522235439066,1257.6692586345973
2015-08-04,793.5222677153355,-1800.521259990949,3599.647457817483,1258.028327258014
2015-08-05,-168.8146892416196,-2749.2554415446666,2308.4066949556473,1258.387395881431
2015-08-06,966.6832884218697,-1500.995707767199,3504.8683238735957,1258.746464504848
2015-08-07,1452.7814777438105,-1231.3522103575613,3909.799592197351,1259.105533128265
2015-08-08,1120.1062038879088,-1412.694241545224,3672.621729505521,1259.4646017516818
2015-08-09,1258.8932755314238,-1202.4819923397952,3672.2088574728855,1259.8236703750986
2015-08-10,1418.7004662402232,-1170.9560904525097,4051.818102600121,1260.1827389985156
2015-08-11,786.9888574208994,-2063.0810309277513,3224.3970707205963,1260.5418076219325
2015-08-12,-172.84442934828348,-2708.682057672518,2315.784104872223,1260.9008762453495
2015-08-13,967.3532536960603,-1489.1405580528158,3553.996619395496,1261.2599448687663
2015-08-14,1460.6057487196151,-853.5291461133723,4075.7722314453185,1261.6190134921833
2015-08-15,1137.7535053827335,-1421.7529896442968,3656.1215539787513,1261.9780821156
2015-08-16,1289.193062586677,-1332.5447593098927,3857.4708375971763,1262.337150739017
2015-08-17,1464.5816679246734,-1002.9297195520778,4038.3998837187755,1262.696219362434
2015-08-18,851.4120975143567,-1732.9517995397505,3589.026353992097,1263.055287985851
2015-08-19,-86.95958233396755,-2695.179605195523,2451.053354244554,1263.4143566092678
2015-08-20,1077.5022265287498,-1269.201370778506,3895.3243087628653,1263.7734252326848
2015-08-21,1597.6269333538585,-971.3257366457696,4247.520887991544,1264.1324938561015
2015-08-22,1303.9837184095486,-1324.2186576964325,3916.908076900834,1264.4915624795185
2015-08-23,1486.6235265685766,-1248.9045837454248,3904.8009945619337,1264.8506311029353
2015-08-24,1694.7881407204152,-719.3769464680677,4208.778997665772,1265.2096997263523
2015-08-25,1115.4913229479343,-1488.1287176490207,3630.9933460490506,1265.5687683497692
2015-08-26,211.5546403951471,-2388.7705756301693,2774.016523644811,1265.927836973186
2015-08-27,1410.4333427225938,-1161.6903793692252,3919.096731023101,1266.286905596603
2015-08-28,1964.341635545879,-666.1163704510158,4541.102392627251,1266.6459742200198
2015-08-29,1703.2107430906524,-925.8346396146444,4315.252024629658,1267.0050428434367
2015-08-30,1916.443833682727,-759.2219701427421,4524.991499324934,1267.3641114668537
2015-08-31,2152.638552320618,-315.2734947686215,4594.647515673219,1267.7231800902707
2015-09-01,1598.1818321932647,-717.1354472920177,4102.35723165173,1268.0822487136875
2015-09-02,715.514993538995,-1921.7847114874992,3448.935631042,1268.6570310195582
2015-09-03,1931.3256086913275,-767.8798299777375,4571.098411181796,1269.231813325429
2015-09-04,2497.332305463707,-133.488314818954,5114.945260268613,1269.8065956312994
2015-09-05,2243.038475051452,-262.61963643068844,4715.047942519119,1270.38137793717
2015-09-06,2457.4972620439585,-36.16941156795307,4993.364570602868,1270.9561602430408
2015-09-07,3415.0579411597473,672.4212170549987,5959.638794232507,1271.530942548911
2015-09-08,2123.8910183447474,-554.6927519400815,4639.7027522618055,1272.1057248547818
2015-09-09,1224.1956212997084,-1300.9613006563732,3648.961495907483,1272.6805071606525
2015-09-10,2416.8884191391535,-124.55445530347625,4990.681374538369,1273.255289466523
2015-09-11,2953.8187515330546,254.8948386066262,5404.140975679295,1273.8300717723937
2015-09-12,2664.721640176859,146.35589599298206,5181.6567570939615,1274.4048540782644
2015-09-13,2838.9796714036347,97.73910868842918,5408.556871170257,1274.979636384135
2015-09-14,3025.349041925404,447.65336477466326,5829.560296314722,1275.5544186900054
2015-09-15,2410.5543739423756,-175.88565037164517,5072.1166327424135,1276.1292009958763
2015-09-16,1457.3346103369543,-1239.967205098363,4155.689060721858,1276.7039833017466
2015-09-17,2593.275132590664,204.7264355059752,5168.432251942912,1277.2787656076173
2015-09-18,3070.9353080744386,602.9853433780913,5489.833700236312,1277.853547913488
2015-09-19,2720.8048107943946,177.83655911969373,5289.63558892475,1278.4283302193585
2015-09-20,2833.052828535897,236.22197383130097,5209.069834918177,1279.0031125252292
2015-09-21,2957.241026147629,543.2058861646269,5094.311950823728,1279.5778948311
2015-09-22,2280.9051438965816,-200.3601111736376,4962.480763910052,1280.1526771369704
2015-09-23,1267.5878079758907,-1189.545102536046,4049.3017299802614,1280.7274594428409
2015-09-24,2345.657949696516,-426.8382008199081,4799.740899985218,1281.3022417487118
2015-09-25,2768.4262755463687,176.53689661210657,5339.040506480612,1281.877024054582
2015-09-26,2367.0903443729285,-99.77124000204124,4838.943953881878,1282.4518063604528
2015-09-27,2432.4735492051846,-101.92403193920785,4943.875294544683,1283.0265886663235
2015-09-28,2514.7290273199233,34.521761535157154,5171.814164641408,1283.601370972194
2015-09-29,1801.9134981974194,-960.5460861135541,4302.309222331616,1284.1761532780647
2015-09-30,758.0136929893788,-1726.2989748150585,3273.3569541638553,1284.7509355839354
2015-10-01,1811.7608241490132,-796.8343472786712,4279.89956726173,1285.325717889806
2015-10-02,2216.7425558331156,-460.912363771255,4950.482900150169,1285.9005001956764
2015-10-03,1804.3460180172776,-442.1748694689918,4341.200076022191,1286.475282501547
2015-10-04,1865.4961190708893,-551.0432691241449,4352.191588879276,1287.0500648074176
2015-10-05,1950.3601116825384,-403.51093408294884,4519.77006177297,1287.6248471132883
2015-10-06,1246.9233207857058,-1293.2206688678446,3883.609942440544,1288.199629419159
2015-10-07,219.0185881912853,-2200.0159993647358,2795.9514464176423,1288.7744117250295
2015-10-08,1295.1447601419927,-1077.405720704518,3923.81864250745,1289.3491940309002
2015-10-09,1728.583547160215,-781.8620121507208,4312.515918289344,1289.9239763367707
2015-10-10,1350.3481634825525,-1265.2792147716661,3892.0431910799384,1290.4987586426414
2015-10-11,1450.9278651168675,-955.5825020785486,4200.605049408222,1291.073540948512
2015-10-12,1303.3954916498637,-1273.5194272156618,3913.106895389533,1291.6483232543826
2015-10-13,925.0088214348807,-1519.03849689506,3524.9509691927256,1292.223105560253
2015-10-14,-50.78989626927523,-2705.8119171168373,2311.6996999134803,1292.7978878661238
2015-10-15,1080.4891196339197,-1702.3906291985836,3767.286737753204,1293.3726701719943
2015-10-16,1571.4888848787764,-841.8310655652709,4183.814816859368,1293.947452477865
2015-10-17,1252.5654044224543,-1324.7071744919626,3831.0612353509846,1294.5222347837355
2015-10-18,1413.7686010503871,-1124.0961591078226,3958.4710496409257,1295.326105498514
2015-10-19,1603.8734708689367,-891.2315198648561,4241.279188924219,1296.1299762132926
2015-10-20,1009.6571001422685,-1599.2798063202831,3621.556246890565,1296.9338469280713
2015-10-21,93.71307621787082,-2549.652849908336,2488.587089757368,1297.73771764285
2015-10-22,1283.2839433463305,-1201.8588585618756,3818.6484983252317,1298.5415883576284
2015-10-23,1830.3918458043552,-650.2391927478703,4320.278769787726,1299.3454590724068
2015-10-24,1564.8006842120824,-1002.1713421501074,4126.664286026777,1300.1493297871855
2015-10-25,1775.7738365939329,-795.3298273736399,4466.901708907853,1300.9532005019641
2015-10-26,2011.7982103131342,-395.0860328045645,4571.83480594639,1301.7570712167426
2015-10-27,1459.1793587735174,-1078.1744873613122,3950.2613560902228,1302.560941931521
2015-10-28,580.0900554959874,-1858.1124988624565,3335.4874962159465,1303.3648126462997
2015-10-29,1801.407500733926,-911.1465876228855,4365.576812844274,1304.1686833610781
2015-10-30,2374.8483474402565,-302.79122698432656,4682.067693091491,1304.9725540758568
2015-10-31,2129.934817658895,-391.69025047826767,4755.754002918251,1305.7764247906352
2015-11-01,2355.7558955656787,-237.09123500438093,4893.012013731709,1306.5802955054137
2015-11-02,2600.6942886472457,-23.09579883879932,5144.265531251026,1307.3841662201924
2015-11-03,2051.023808523066,-449.63503591596594,4537.825176531882,1308.188036934971
2015-11-04,1168.9594765678537,-1411.4500050604568,3515.233751398957,1308.9919076497497
2015-11-05,2381.4954398483624,-82.03601050260738,4854.356660648089,1309.795778364528
2015-11-06,2940.5397961314693,422.41301091320804,5405.222224475205,1310.5996490793066
2015-11-07,2675.879516264328,145.8689481876463,5133.8006002889915,1311.4035197940852
2015-11-08,2876.939377265511,410.16527197896374,5305.39694236986,1312.207390508864
2015-11-09,3092.5055384490984,537.8998966472118,5666.110787154698,1313.0112612236424
2015-11-10,2509.3183713800577,100.86032747458573,5147.438941302154,1313.8151319384208
2015-11-11,2633.9110515989105,95.53871922315749,5316.66229927073,1314.6190026531995
2015-11-12,2762.4694541903655,303.4964269217786,5219.589211238607,1315.4228733679781
2015-11-13,3278.901139669145,855.0235622640616,5775.6536290142285,1316.2267440827568
2015-11-14,2969.8489320898025,566.0457799009016,5606.227736561777,1317.0306147975352
2015-11-15,3125.4108550730216,518.2684388257164,5555.6039517309155,1317.8344855123137
2015-11-16,3295.058538015778,608.7853832901444,5804.04759652003,1318.6383562270923
2015-11-17,2666.218417830922,157.97980880989013,5374.308539616936,1319.442226941871
2015-11-18,1702.3039953391794,-950.9204749610236,4278.83979247845,1320.2460976566495
2015-11-19,2831.5344606542885,311.96074698678046,5295.5272119748915,1321.0499683714281
2015-11-20,3307.049067153728,712.9577165509027,5875.645229214808,1321.8538390862066
2015-11-21,2959.850772774088,291.78701496297396,5242.204334578335,1322.6577098009852
2015-11-22,3080.543437077426,471.5853915238338,5659.02469965765,1323.461580515764
2015-11-23,3219.033620345893,697.7882395395427,5801.393552550426,1324.2654512305423
2015-11-24,2563.1020397884254,100.06651042254886,5046.46233385313,1325.0693219453208
2015-11-25,1576.4274348970166,-1125.75938943314,4051.9551399354996,1325.8731926600994
2015-11-26,2055.021528337194,-269.8556350837187,4617.3556869870745,1326.6770633748781
2015-11-27,3149.2228652516196,490.0947414464542,5818.752767335956,1327.4809340896566
2015-11-28,2792.8687237367512,314.9597107562202,5495.301925347652,1328.2848048044352
2015-11-29,2908.8004120628166,432.44307837960105,5449.076833374013,1329.0886755192137
2015-11-30,3046.6822386633758,474.91718992447164,5684.38934497949,1329.892546233992
2015-12-01,2393.953791069146,-101.91386459762413,4933.9517820185665,1330.6964169487708
2015-12-02,1413.8601045096996,-1132.5383066851773,4089.2959337842794,1331.5002876635492
2015-12-03,2534.272114809579,-71.41473764874614,5015.479024961715,1332.3041583783277
2015-12-04,3007.969447707072,437.64150394471403,5401.66127052605,1333.2705883419505
2015-12-05,2665.106287653468,306.42662886239486,5299.39434505545,1334.2370183055734
2015-12-06,2795.4501301452037,305.684813390985,5127.14306090126,1335.203448269196
2015-12-07,2947.938693701738,361.60781679970046,5542.692984452816,1336.1698782328187
2015-12-08,2309.272564749337,-368.98814014275285,5005.286660782332,1337.1363081964416
2015-12-09,1341.9633918977656,-994.3286118748468,3849.098600347487,1338.1027381600643
2015-12-10,2473.1727291922207,-86.36511831066665,5041.443332752044,1339.0691681236872
2015-12-11,2954.8505836728536,310.80839483321625,5612.4468293651835,1340.0355980873098
2015-12-12,2616.7067551419905,220.3689237967506,5363.804367901487,1341.0020280509325
2015-12-13,2747.978725575124,1.8645732079560662,5338.9224881521495,1341.9684580145552
2015-12-14,2897.1665218131247,123.55111143552303,5375.078657884733,1342.934887978178
2015-12-15,2250.6389046421477,-360.50341871225356,4829.406811703698,1343.901317941801
2015-12-16,1270.6928689766196,-1400.6956844580482,3742.181333497124,1344.8677479054238
2015-12-17,2384.401207775812,-269.1031805270474,4987.4657370567165,1345.8341778690462
2015-12-18,2843.7569028196212,374.3739599917224,5515.083131544985,1346.8006078326691
2015-12-19,2478.64720195049,1.1655861390397617,5010.837729700233,1347.7670377962918
2015-12-20,2578.6209838509103,136.91768302537957,5112.109378529561,1348.7334677599147
2015-12-21,2692.619755882433,342.4619605427741,5126.581543260084,1349.6998977235373
2015-12-22,2007.576642403642,-605.4850581110759,4613.555415993744,1350.66632768716
2015-12-23,986.4654375110908,-1639.5255912997434,3507.286735543185,1351.6327576507827
2015-12-24,2057.134648912443,-480.68929508324385,4611.6928477627935,1352.5991876144053
2015-12-25,4343.475718243935,1776.3584449787772,6981.256081198876,1353.5656175780282
2015-12-26,2063.1774554583726,-604.1616858369418,4583.629572458561,1354.532047541651
2015-12-27,2119.874166733797,-438.38773057207635,4697.010717992559,1355.498477505274
2015-12-28,2192.4525057132714,-306.79341839907073,4653.233619125758,1356.4649074688966
2015-12-29,1468.8277136739696,-1170.8464847966673,4026.246103870893,1357.4313374325193
2015-12-30,412.92841393753133,-2278.3769174055174,2743.060018546352,1358.397767396142
2015-12-31,1453.5066339165403,-1171.367356431346,4055.946182481418,1359.3641973597648
2016-01-01,795.9635538551086,-1777.2620159900252,3593.85376784206,1360.3306273233875
2016-01-02,1416.677476289371,-1019.8501680773658,3834.2668004576058,1361.2970572870101
2016-01-03,1461.9405022260974,-947.7795553503908,3938.4651931650983,1362.263487250633
2016-01-04,1530.4387787105086,-1177.5051884436382,4294.5437312171425,1363.2299172142557
2016-01-05,810.4181917038837,-1793.7285589980243,3333.1511462815824,1364.1963471778784
2016-01-06,-234.02332253998838,-2730.981459066571,2308.9699690929756,1365.1627771415015
2016-01-07,825.8663274948475,-1705.9385225712638,3442.5896455282505,1366.1292071051241
2016-01-08,1243.5941396370563,-1267.1136774094473,3636.1182404363335,1367.0956370687468
2016-01-09,850.3553875555343,-1888.7573363013616,3463.4081706194634,1368.0620670323694
2016-01-10,936.7642746749251,-1696.284368894326,3495.555780108728,1369.028496995992
2016-01-11,1052.5532070525662,-1353.128412638232,3704.8369014631685,1369.994926959615
2016-01-12,385.14592915404216,-2114.044189908237,2710.280792370051,1370.9613569232379
2016-01-13,-602.3126439991065,-3056.013304861319,1808.5994272099995,1371.9277868868605
2016-01-14,517.8656390705854,-1939.4688298598755,3067.764575223146,1372.8942168504832
2016-01-15,998.0359293983552,-1631.145798166513,3571.5188914078535,1373.860646814106
2016-01-16,668.1792942606548,-1963.059124336118,3196.7432183904502,1374.8270767777287
2016-01-17,817.660865233793,-1789.9521346971928,3518.90560004647,1375.7935067413516
2016-01-18,2281.529114308251,-310.11414216142316,4783.6064826699885,1376.7599367049743
2016-01-19,386.2623508307719,-2375.6098871250906,2942.1855501430005,1377.726366668597
2016-01-20,-546.4240764457313,-2990.3007563021392,1939.0338852965233,1378.7287775903526
2016-01-21,623.4527282656117,-1809.2135187947192,3113.8021606048624,1379.7311885121085
2016-01-22,1147.2578894410437,-1214.5561131375093,3599.547396134559,1380.7335994338644
2016-01-23,854.1151929522808,-1621.1777237825013,3455.9756608469434,1381.73601035562
2016-01-24,1032.68707563199,-1489.9554165208508,3738.6849013806827,1382.738421277376
2016-01-25,1230.921094588036,-1228.0369363619225,3707.7256776525783,1383.7408321991315
2016-01-26,634.6669340299114,-2056.0139471944544,3258.2562398390282,1384.7432431208874
2016-01-27,-294.25433703097065,-3052.34606046398,2144.804530663917,1385.7456540426433
2016-01-28,870.8057566262661,-1664.4606945079229,3526.3273403937105,1386.7480649643992
2016-01-29,1381.4744426089976,-1103.0621355827438,4011.1396180136394,1387.7504758861548
2016-01-30,1067.337072991381,-1661.5245980503469,3752.760872421799,1388.7528868079107
2016-01-31,1217.7080120631445,-1442.8823757843288,3838.0798296106464,1389.7552977296664
2016-02-01,1381.3633242715628,-1241.9465302782335,4025.7565658116037,1390.7577086514223
2016-02-02,745.139609907417,-1789.741860723866,3423.157580566091,1391.7601195731781
2016-02-03,-228.01889628198637,-2793.564502061602,2454.309604212116,1392.7625304949338
2016-02-04,889.7700536556554,-1608.1720333482374,3473.4218059009454,1393.7649414166897
2016-02-05,1351.4495361975557,-1301.8480248118647,3960.929740366899,1394.7673523384453
2016-02-06,987.9720812145088,-1480.984055723325,3496.864906903825,1395.7697632602012
2016-02-07,1090.0383283127194,-1416.0879128969495,3749.5321984043453,1396.7721741819573
2016-02-08,1207.7967734157194,-1366.4234174958908,3810.559726156912,1397.7745851037128
2016-02-09,529.4097505310566,-2211.603855037515,2938.3797414754868,1398.7769960254686
2016-02-10,-480.93143581549543,-3123.2490526091747,2175.012418039348,1399.7794069472245
2016-02-11,605.7935730210916,-2123.318302366083,3102.1261274891585,1400.7818178689802
2016-02-12,1043.5291274387355,-1299.297292137658,3631.3921737336423,1401.7842287907358
2016-02-13,664.0674247005718,-1859.116359842523,3329.3884675067825,1402.7866397124917
2016-02-14,758.7661205538338,-1876.1567477091962,3384.728393614623,1403.7890506342476
2016-02-15,497.4596804363397,-2101.7514651374936,3069.413129512365,1404.7914615560032
2016-02-16,210.87126324616202,-2469.5747503727007,2786.626938600028,1405.7938724777591
2016-02-17,-779.095305931013,-3079.8061413234377,1993.8193392989344,1406.796283399515
2016-02-18,337.15863126554405,-2144.2042817942965,2938.314675417077,1407.7986943212707
2016-02-19,813.1667757163619,-1639.1351114018787,3322.79757558432,1408.8011052430265
2016-02-20,480.1017877610898,-1957.190888082942,3054.853066228199,1409.8035161647822
2016-02-21,628.5063321159494,-1891.4191408063007,3368.903117523902,1410.805927086538
2016-02-22,807.9941222549415,-1844.5309299357803,3291.183292047317,1411.808338008294
2016-02-23,205.82610056739054,-2414.8227235257355,2926.9226788618394,1412.8107489300496
2016-02-24,-715.0555570693584,-3382.3057348749267,1889.0751253145118,1413.8131598518055
2016-02-25,472.79974842002207,-2246.016049202862,3105.8582167513046,1414.8155707735614
2016-02-26,1021.4806750125083,-1596.842807025947,3476.8903108027603,1415.817981695317
2016-02-27,760.6792565101902,-1863.3593676402309,3154.2933722523994,1416.8203926170731
2016-02-28,979.4557456217574,-1495.4572408305723,3403.6543428184686,1417.8228035388286
2016-02-29,1225.9734348766656,-1231.30331681501,3770.96972120232,1418.8252144605844
2016-03-01,686.1077777649958,-1757.7733675718914,3301.014133202336,1419.8276253823403
2016-03-02,-178.48829211048178,-2966.1622131666504,2388.751856251209,1420.830036304096
2016-03-03,1058.471768921709,-1533.6555940114304,3576.0761270921835,1421.8324472258519
2016-03-04,1648.0636298935822,-1078.4521439571824,4116.870537018888,1422.8348581476075
2016-03-05,1419.1396131787308,-1103.3078480801007,3915.862908622397,1423.8372690693636
2016-03-06,1660.1117248964786,-955.4309698188662,4306.911523854329,1424.839838739981
2016-03-07,1918.6994374714393,-633.8265112250298,4573.446327526467,1425.8424084105984
2016-03-08,1380.5478422145013,-1257.8495871484772,3977.97413465373,1426.844978081216
2016-03-09,507.29631265096805,-2022.4108121790252,2996.519182993292,1427.8475477518332
2016-03-10,1725.4330418700692,-844.624440072629,4354.640375109663,1428.850117422451
2016-03-11,2286.44395276886,-305.0807669618152,4932.826636829079,1429.8526870930682
2016-03-12,2019.7888153071228,-465.32751514238333,4732.724944235679,1430.8552567636857
2016-03-13,2214.6682258248757,-356.7131058415815,4737.771177726542,1431.8578264343032
2016-03-14,2419.7519243396264,-156.34176830791728,5079.095904792427,1432.8603961049207
2016-03-15,1821.773009121057,-885.6410463405562,4222.994897682214,1433.862965775538
2016-03-16,883.5703879137947,-1563.0810346098624,3303.738385238861,1434.8655354461557
2016-03-17,2032.914712468776,-670.9719933253873,4379.883247599109,1435.868105116773
2016-03-18,2522.627179336282,-34.60565998663613,4985.343762407473,1436.8706747873905
2016-03-19,2183.524785542204,-406.92428720895686,4798.667392178334,1437.873244458008
2016-03-20,2306.1564583452423,-279.2002920280834,4865.9172900260955,1438.8758141286255
2016-03-21,2440.5012893156,-215.9157512714396,5074.29340966488,1439.878383799243
2016-03-22,1774.5341570434243,-874.7254338479511,4343.119288880433,1440.8809534698603
2016-03-23,772.2417557073466,-1814.7581084934616,3430.9569046487695,1441.8835231404778
2016-03-24,1862.424889629127,-573.860438650003,4384.0372509118,1442.8860928110953
2016-03-25,2298.796951204797,-212.2085920281098,5021.647878972648,1443.888662481713
2016-03-26,1912.9126131947664,-796.787793090591,4386.057951796722,1444.89123215233
2016-03-27,1995.8914948878896,-549.0627428352318,4489.423508654056,1445.8938018229478
2016-03-28,2098.108262975162,-522.880094973347,4843.025070062689,1446.8963714935653
2016-03-29,1407.7545680480903,-1174.0049942535563,3940.1558732971066,1447.8989411641826
2016-03-30,388.8558350064477,-2250.3108886925866,2925.7424224433566,1448.9015108348
2016-03-31,1470.0786546642505,-1054.5261902700875,4050.9425299893287,1449.9040805054176
2016-04-01,1904.8384718864509,-793.736089292745,4389.438988566684,1450.9066501760349
2016-04-02,1524.2412772930766,-1108.406082991206,4125.656365122847,1451.9092198466526
2016-04-03,1618.8236463060935,-963.3323739422153,4136.038355119595,1452.91178951727
2016-04-04,1738.262091136805,-801.1198715950576,4150.248491091433,1453.9143591878874
2016-04-05,1069.9565662519194,-1561.0364876574156,3558.5108904609488,1454.916928858505
2016-04-06,77.07053568890865,-2587.407723258492,2684.91564190736,1455.9194985291224
2016-04-07,1187.3627072715399,-1561.355751512949,3850.752396739493,1456.9220681997397
2016-04-08,1653.3194716864275,-1029.2133913993603,4293.345740297984,1457.9246378703572
2016-04-09,1305.121098970017,-1476.839617559204,3854.3815337933765,1458.927207540975
2016-04-10,1432.4054015992292,-1205.0501894698552,4077.177953002954,1459.9297772115922
2016-04-11,1583.9992319743822,-836.1374324425022,4025.5645827117087,1460.9323468822097
2016-04-12,946.5221088304895,-1610.0145034210727,3518.3201042118926,1461.9349165528272
2016-04-13,-17.556099310171703,-2725.9566487738043,2643.760810868972,1462.9374862234447
2016-04-14,1118.9312683655785,-1552.8025763402745,3813.649304937674,1463.9400558940622
2016-04-15,1607.9915883000222,-851.0136085357093,4048.9187078572645,1464.9426255646797
2016-04-16,1279.4471867254633,-1080.2197451165507,3796.0216995025507,1465.945195235297
2016-04-17,1422.7034692539878,-1046.6480804334542,4193.607458205372,1466.9477649059145
2016-04-18,1586.4812886464913,-1055.1735255000701,4172.51459526548,1467.950334576532
2016-04-19,957.4179184610862,-1545.8248324477313,3653.5924161945127,1468.9529042471495
2016-04-20,-1.8812716156492115,-2631.7500710638483,2650.4962053879,1469.955473917767
2016-04-21,1135.9945188934075,-1312.0949631830895,3698.754057578631,1470.9580435883843
2016-04-22,1623.3935714941217,-1024.68150632409,4248.806957289036,1471.960612656006
2016-04-23,1290.561651084604,-1322.3154538604622,3787.510175247692,1472.9631817236275
2016-04-24,1427.3939988392704,-1064.7887161860801,3908.3068573311,1473.9657507912489
2016-04-25,1583.1501664504099,-955.0044254107928,3883.1562462220477,1474.9683198588705
2016-04-26,945.0365862022352,-1505.1721663457959,3657.86609678475,1475.9708889264919
2016-04-27,-23.760484642532447,-2468.954442484469,2711.2400052457083,1476.9734579941132
2016-04-28,1104.743851774017,-1292.17014080287,3700.3245340438975,1477.9760270617346
2016-04-29,1583.4473987809906,-922.8964424947519,4358.622003236389,1478.978596129356
2016-04-30,1243.1043020753266,-1379.2462610861053,3729.7015080571,1479.9811651969776
2016-05-01,1374.0621469011908,-1187.5264312273875,3850.6141973389826,1480.9837342645992
2016-05-02,1525.9639475088256,-904.6283898978213,4091.215964268406,1481.9863033322206
2016-05-03,886.3202468458452,-1628.0922576253222,3456.3083351211744,1482.988872399842
2016-05-04,-81.46578940226959,-2542.4274085996,2579.68070553078,1483.9914414674636
2016-05-05,1050.7153788248543,-1325.439774776671,3706.77989736913,1484.994010535085
2016-05-06,1535.79173650958,-1168.8424212118407,4206.0668303704615,1485.9965796027063
2016-05-07,1204.4538253734754,-1362.1605136081364,3619.6255818585805,1486.9991486703277
2016-05-08,1346.895302560987,-1163.9694498521703,4005.311811455182,1488.0017177379493
2016-05-09,1512.5210173494852,-1224.7224822330575,4124.88637629155,1489.0042868055707
2016-05-10,888.5275908503172,-1655.636455219452,3550.1924983922618,1490.0068558731923
2016-05-11,-62.060914303444406,-2606.0804683830447,2288.838943902266,1491.0094249408137
2016-05-12,1088.4330774510931,-1480.4599035447268,3722.513340034314,1492.011994008435
2016-05-13,1592.466394306999,-987.9425299721158,4094.6161122450467,1493.0145630760567
2016-05-14,1280.2338214614397,-1154.660785296324,4085.4717306198086,1494.017132143678
2016-05-15,1441.42373163979,-1047.3634992714353,3902.125252635686,1495.0197012112994
2016-05-16,1624.9412635210324,-962.426510577832,4260.356962491666,1496.022270278921
2016-05-17,1017.5035916471124,-1367.9894867400226,3663.979570182484,1497.0248393465424
2016-05-18,81.68945386602331,-2544.559352559102,2597.059771104225,1498.027408414164
2016-05-19,1244.7778595338502,-1408.7749665368694,3714.8999123828844,1499.0299774817854
2016-05-20,1758.8848993745034,-798.9580403080898,4438.6979491935235,1500.0325465494068
2016-05-21,1453.9316601111814,-1192.3260367674864,3989.1781934691753,1501.0351156170284
2016-05-22,1619.4069717178977,-872.3818605592455,4241.189133950232,1502.0376846846498
2016-05-23,1804.0954409857532,-817.7938709249956,4466.711636205369,1503.0402537522712
2016-05-24,1194.6752161032675,-1330.4571858844645,3700.3378735763163,1504.0428228198928
2016-05-25,253.7676202106602,-2406.4081598293847,2833.9990769369515,1505.0453918875141
2016-05-26,1408.773619389451,-1159.4708179822278,3856.431870691369,1506.0479609551355
2016-05-27,1912.0061560719864,-670.2646344370723,4535.481719155569,1507.0505300227571
2016-05-28,1593.6515243880146,-1027.4694783443506,4071.15103991423,1508.0530990903785
2016-05-29,1743.523745793289,-937.47155694432,4305.249827669544,1509.0556681579997
2016-05-30,3045.8566644397297,455.2565067697503,5473.95295149915,1510.0582372256215
2016-05-31,1282.5206256323308,-1191.6440064297353,3920.575079067292,1511.0608062932429
2016-06-01,321.7999292394452,-2425.4003490311156,2793.2005239103732,1512.0633753608645
2016-06-02,1456.476886136747,-1142.4530772475243,4026.411682160541,1513.0659444284859
2016-06-03,1939.321392174651,-582.3283504849852,4423.945272058908,1514.0685134961072
2016-06-04,1600.9658658629244,-1044.6911761866925,4042.869157312628,1515.0710825637286
2016-06-05,1731.6477685330924,-882.3910759360905,4276.966354639531,1516.07365163135
2016-06-06,1880.9167889554228,-709.484711758834,4397.632060699466,1517.0762206989714
2016-06-07,1236.2117597181718,-1379.4352403263358,3690.738571134378,1518.0787924837637
2016-06-08,260.89003708278597,-2249.578206766004,2835.412519332835,1519.081364268556
2016-06-09,1383.044913794054,-1026.8848508118817,3825.4555060727166,1520.083936053348
2016-06-10,1855.6205986332761,-604.8761877889311,4585.960449379036,1521.0865078381407
2016-06-11,1509.3584207559452,-1234.1059982455615,4061.944417543007,1522.0890796229328
2016-06-12,1634.538607906496,-941.5306689173898,4297.230094680432,1523.0916514077246
2016-06-13,1780.68868037178,-938.3220863183413,4497.611861925646,1524.0942231925173
2016-06-14,1135.1634411420866,-1484.808315968853,3651.546281071132,1525.0967949773094
2016-06-15,161.1791686623137,-2207.472039876758,2827.5022611918193,1526.0993667621017
2016-06-16,1286.6373661683913,-1356.2632491858924,3724.54667388267,1527.101938546894
2016-06-17,1764.2473973073747,-753.3686236859181,4158.469083211575,1528.104510331686
2016-06-18,1424.481386240325,-1047.2331497583043,3730.4159054871047,1529.1070821164783
2016-06-19,1557.325441481678,-1096.0159269578753,4183.279859338324,1530.1096539012703
2016-06-20,1711.9979358470769,-856.2939317308799,4195.790424805599,1531.1122256860626
2016-06-21,1075.5395064735487,-1436.96849590886,3518.51472194167,1532.114797470855
2016-06-22,110.85706755658612,-2606.5972359968814,2628.3809589284015,1533.117369255647
2016-06-23,1245.556888492075,-1351.5633258900182,3701.020265031006,1534.1199410404392
2016-06-24,1732.0757873926757,-831.5768672219295,4169.378346864936,1535.1225128252315
2016-06-25,1400.6435683105626,-1239.9276746480411,3952.9428457856,1536.1250846100236
2016-06-26,1541.0405487339492,-1054.470860897685,4158.714158144517,1537.1276563948159
2016-06-27,1702.3207403165227,-944.3434582880183,4133.78267910599,1538.130228179608
2016-06-28,1071.4052251764033,-1399.3590316721313,3615.6163407409986,1539.1327999644006
2016-06-29,111.12794981714342,-2585.6843164863885,2235.0891152031927,1540.1353717491927
2016-06-30,1249.0689710923268,-1308.8317663413225,3870.2805272529454,1541.1379435339845
2016-07-01,1737.6842382642994,-670.7209761056234,4341.554116711733,1542.1405153187773
2016-07-02,1407.2651238703265,-1109.1027750186183,3932.2490160485245,1543.1430871035693
2016-07-03,1547.6916815758432,-1052.8167642458457,4164.374376080236,1544.1456588883616
2016-07-04,1054.6143282877451,-1523.2175175235752,3464.7035660679658,1545.1482306731539
2016-07-05,1075.7209788813586,-1414.7216414359914,3737.552130095066,1546.150802457946
2016-07-06,113.41526690657975,-2406.8900469999157,2776.542892243083,1547.1533742427382
2016-07-07,1249.002525531375,-1405.3167765094292,3653.4766019757612,1548.1559460275305
2016-07-08,1735.131505858255,-785.0764425880969,4417.282089344739,1549.1585178123225
2016-07-09,1402.28214952716,-1085.4205057850081,4023.575099867213,1550.1610895971148
2016-07-10,1540.511388832134,-878.9834185814744,4224.471366129376,1551.1636613819069
2016-07-11,1699.164007592789,-1057.7140948822032,4161.500763286734,1552.1662331666992
2016-07-12,1065.4535499979715,-1363.6523396975017,3744.137008096819,1553.1688049514917
2016-07-13,102.49594379699397,-2278.0622569401266,2784.7268921866776,1554.1713767362835
2016-07-14,1238.131301524005,-1331.7610448482887,3873.8895917811665,1555.1739485210758
2016-07-15,1725.0433841942913,-971.9444400686796,4432.252383360872,1556.1765203058683
2016-07-16,1393.7102988878803,-1148.5062061015806,3906.6551062242784,1557.1790920906606
2016-07-17,1534.150713751593,-979.0477556431429,4038.149289651932,1558.1816638754528
2016-07-18,1695.636569763773,-654.5679060188982,4244.525484717476,1559.184235660245
2016-07-19,1065.277213570464,-1618.5138873996184,3594.060339996049,1560.1868074450372
2016-07-20,106.05750864811853,-2470.4096751238153,2551.4539870760573,1561.1893792298292
2016-07-21,1245.6652364890494,-1388.380134742569,3602.898358601942,1562.1919510146215
2016-07-22,1736.6170824136657,-814.4003435360966,4268.810781263877,1563.1945227994138
2016-07-23,1409.2165555570964,-1073.8187416867195,4188.092729218492,1564.1970945842058
2016-07-24,1553.3080516754546,-1083.6495325985375,4155.703919710616,1565.199838091949
2016-07-25,1717.996915649847,-808.3441373373911,4282.596464860667,1566.202581599692
2016-07-26,1090.2418727961574,-1642.496773422311,3935.2881522678654,1567.2053251074346
2016-07-27,132.90039627152214,-2446.2563062832,2885.552681492901,1568.2080686151778
2016-07-28,1273.5629167967516,-1296.1505811532204,3951.7182946505022,1569.2108121229207
2016-07-29,1764.684750282921,-868.5983252721534,4253.291876267043,1570.2135556306634
2016-07-30,1436.548870430376,-1134.8168832575666,3866.453558948556,1571.2162991384064
2016-07-31,1579.0233725738765,-1076.4171099962482,4094.3485433562123,1572.2190426461495
2016-08-01,1741.2841918319311,-948.6928262873678,4397.2423911798805,1573.2217861538925
2016-08-02,1110.4076179672525,-1666.451158665535,3823.5354873897327,1574.2245296616356
2016-08-03,149.41482898149434,-2680.5126349121942,2723.8997771411723,1575.2272731693781
2016-08-04,1286.1034777139675,-1292.9110981842523,3771.1339389247473,1576.2300166771213
2016-08-05,1773.175415399209,-614.853875664038,4384.587955125101,1577.2327601848642
2016-08-06,1441.1937653954783,-999.4786297330973,4079.4346662882876,1578.235503692607
2016-08-07,1580.3333266517136,-893.8804020902459,4158.6186280929405,1579.2382472003499
2016-08-08,1740.0950470322523,-749.6467684149941,4182.302983326381,1580.240990708093
2016-08-09,1107.8893247453098,-1399.5410306996089,3613.895234974344,1581.243734215836
2016-08-10,147.07060860480647,-2507.993240738571,2628.3565363848766,1582.2464777235791
2016-08-11,1285.758605747541,-1181.9005546349142,3837.105939264702,1583.2492212313218
2016-08-12,1776.9554731888754,-771.4752256568456,4138.378656028001,1584.2519647390648
2016-08-13,1451.492508363234,-1320.5794081239112,3828.7780019003744,1585.2547082468077
2016-08-14,1599.7706210874073,-1019.571062787197,4184.359417692347,1586.2574517545504
2016-08-15,1771.4656221698913,-921.9245116359543,4381.943062393177,1587.2601952622936
2016-08-16,1154.1033656681868,-1557.28869967959,3852.6665610379528,1588.2629387700365
2016-08-17,211.087469871861,-2363.179463912385,2771.053925697425,1589.2656822777797
2016-08-18,1370.515148306466,-1284.323679581667,3772.598097039849,1590.2684257855221
2016-08-19,1885.2907114130169,-593.2079247111905,4618.285490981142,1591.2711692932653
2016-08-20,1586.0703947841332,-786.5878025423821,4141.02922503198,1592.2739128010082
2016-08-21,1763.002889247965,-788.2454033555584,4276.070905743988,1593.276656308751
2016-08-22,1965.4366501669292,-540.6396689115893,4649.015344684029,1594.2793998164939
2016-08-23,1380.4990131293684,-1225.563629025448,4054.146388778592,1595.282143324237
2016-08-24,471.1297791984241,-1988.923998644475,3096.9367310130697,1596.2848868319797
2016-08-25,1664.9046887135087,-787.905674753776,4242.549899558561,1597.2876303397227
2016-08-26,2214.1581843047247,-473.80359825870835,4649.900129260949,1598.2903738474658
2016-08-27,1948.9389158132735,-488.3913150499237,4563.708132572588,1599.2931173552088
2016-08-28,2158.762121139871,-566.4909098409338,4691.112418956976,1600.295860862952
2016-08-29,2392.329687700428,-172.65582966594815,4880.368273392275,1601.2986043706944
2016-08-30,1836.1226246933513,-823.2588021325362,4102.742508761398,1602.3013478784376
2016-08-31,952.4482960069635,-1700.4918445145956,3601.8935694308366,1603.3040913861805
2016-09-01,2168.2775112928166,-306.8118278210666,4608.980691976906,1604.3068348939232
2016-09-02,2735.38055480771,238.91752125220606,5380.293530179549,1605.3095784016662
2016-09-03,2483.295292259971,101.99825555107822,5025.605535698898,1606.3123219094093
2016-09-04,2701.0911939789603,80.68016625077367,5212.037488582906,1607.3150654171523
2016-09-05,3663.1151133934804,1096.8345618465692,6092.422894296234,1608.3178089248954
2016-09-06,2377.5161700418394,-187.75048109549647,4813.4072021467355,1609.3205524326381
2016-09-07,1484.4533046378813,-1033.3770326646836,4075.0489188230613,1610.323295940381
2016-09-08,2684.784739310986,341.74433187776,5418.2886056363095,1611.326039448124
2016-09-09,3230.2841015739623,494.9337171513975,5709.981468679258,1612.3288764770425
2016-09-10,2950.594393783097,432.91484357944546,5573.734695552809,1613.331713505961
2016-09-11,3134.9917012932456,647.1590232517212,5685.108617800843,1614.3345505348798
2016-09-12,3332.1129587587384,686.200618093152,5928.78896526513,1615.337387563798
2016-09-13,2728.552805883878,60.30399612970412,5370.959117092405,1616.340224592717
2016-09-14,1786.9117029913818,-583.0723512277294,4279.606023762036,1617.3430616216358
2016-09-15,2934.630399613352,248.56753038280806,5558.358579658432,1618.3458986505543
2016-09-16,3424.1199115364243,832.8639897343633,5995.508691458509,1619.3487356794726
2016-09-17,3085.7202993083406,516.0877585025311,5358.135323883088,1620.3515727083914
2016-09-18,3209.452310863079,596.8915040536413,5717.206375223487,1621.3544097373099
2016-09-19,3344.732710279814,646.8525174703701,5866.537929797275,1622.3572467662286
2016-09-20,2678.958127181639,127.79060186069327,5232.636766247204,1623.3600837951471
2016-09-21,1675.5399637801092,-936.6155730396758,4213.1810674794815,1624.362920824066
2016-09-22,2762.725721371048,239.1786247219116,5302.266597468643,1625.3657578529844
2016-09-23,3193.7161592787484,562.1471652821465,5640.178603443538,1626.3685948819032
2016-09-24,2799.611819883191,342.3580073755965,5457.248597966426,1627.3714319108217
2016-09-25,2871.153200793794,211.95540340478385,5328.5198627505915,1628.3742689397404
2016-09-26,2958.4255880881356,411.72734678121856,5738.898170806425,1629.3771059686587
2016-09-27,2249.4335467980345,-335.71049875359324,4691.724612262931,1630.3799429975772
2016-09-28,1208.1277349125644,-1340.6667682913114,3702.600843566695,1631.382780026496
2016-09-29,2263.219497754894,-244.39312216478316,4826.231855488824,1632.3856170554145
2016-09-30,2668.292716494919,138.68930299507687,5266.515805642585,1633.3884540843333
2016-10-01,2254.7464710492886,-268.05336223849923,5000.724467674291,1634.3912911132518
2016-10-02,2313.5327930004187,-164.3031074434822,4812.075857397595,1635.3941281421705
2016-10-03,2394.8604865869174,-66.21455458755858,5137.695907182448,1636.396965171089
2016-10-04,1686.7699515178783,-937.4196765684051,4316.562919119129,1637.3998022000078
2016-10-05,653.1615880063151,-1768.2731211962189,3207.6809303687714,1638.402639228926
2016-10-06,1722.6131360273398,-720.5296569401715,4139.904256598106,1639.405476257845
2016-10-07,2148.4953031134696,-555.8244240546587,4790.187008768632,1640.4083132867634
2016-10-08,1761.91911144839,-731.2348239217209,4227.952647595487,1641.4111503156823
2016-10-09,1853.4791049080573,-567.3456410869641,4518.1136376543145,1642.4139873446006
2016-10-10,1696.359540140214,-908.8281089572939,4371.736681117862,1643.4168243735194
2016-10-11,1307.9343878133764,-1277.8998277050994,3927.1992555478487,1644.419661402438
2016-10-12,321.76552108206056,-2244.2309504987884,2871.99555158138,1645.4224984313564
2016-10-13,1442.4644538695597,-1035.4205672719893,3922.0033140719693,1646.4253354602752
2016-10-14,1922.796750027906,-732.75391693401,4352.942494973471,1647.4281724891935
2016-10-15,1593.2405188753926,-930.1015192708606,4399.747730254128,1648.4310095181124
2016-10-16,1743.7370344543885,-757.6770766266089,4365.106842826782,1649.4338465470307
2016-10-17,1923.4079752894088,-742.4360848444229,4511.083767662822,1650.4366835759497
2016-10-18,1319.1440358206041,-1408.7753386286577,3731.6120883894905,1651.439520604868
2016-10-19,393.6473266346188,-2238.3391284007057,2838.974896027237,1652.4423576337867
2016-10-20,1574.262772477307,-1160.2148221429877,4112.035981240805,1653.4451946627053
2016-10-21,2113.107739839565,-477.12110824860827,4601.670499819187,1654.448031691624
2016-10-22,1840.0332218620058,-853.005286007674,4500.753972066304,1655.4508687205425
2016-10-23,2044.3806356592895,-463.25904030420634,4721.539368588708,1656.4537057494608
2016-10-24,2274.7050034931617,-261.6757519373231,5006.9536671089345,1657.45654277838
2016-10-25,1717.3692714743272,-925.6145178862172,4309.182962840294,1658.4593921463345
2016-10-26,834.5921063213235,-1666.9985234535377,3329.591913152724,1659.462241514289
2016-10-27,2053.2844804808665,-582.000936968234,4721.925696102268,1660.4650908822439
2016-10-28,2625.1841228742787,1.4665762041633563,5058.851314614227,1661.4679402501984
2016-10-29,2379.821183340875,-131.42951921791186,5102.655081307735,1662.470789618153
2016-10-30,2606.2791014555587,52.26637902878267,5085.453554094465,1663.4736389861075
2016-10-31,2852.9213883722896,326.0677135801291,5304.278471985146,1664.4764883540624
2016-11-01,2305.9889905672144,-276.0273217168684,4824.556316425555,1665.479337722017
2016-11-02,1427.6505570615357,-1235.0890320980939,3967.7825341359494,1666.4821870899718
2016-11-03,2644.8407105999695,152.74858445059672,5118.37110398618,1667.4850364579263
2016-11-04,3209.395433992002,244.6074180854091,5828.778359004044,1668.4878858258805
2016-11-05,2951.0177691958997,492.4472178202354,5453.822720165744,1669.4907351938355
2016-11-06,3159.0377476981384,641.3192057846749,5682.8599419937145,1670.49358456179
2016-11-07,3382.137185032432,687.9124317584693,5734.40444359139,1671.4964339297449
2016-11-08,2806.943945354693,62.51730956127718,5455.665769661814,1672.4992832976993
2016-11-09,1896.0779519400107,-502.0435853967774,4391.742672947305,1673.502132665654
2016-11-10,3076.984019467429,416.75781996262134,5762.019029848623,1674.5049820336085
2016-11-11,4645.8548412636,2185.5177724670375,7248.311968402139,1675.5078314015634
2016-11-12,3301.6178068159124,592.9240132845102,6020.064991399453,1676.5106807695179
2016-11-13,3465.628278970554,797.9694572825163,6104.666512663675,1677.5135301374723
2016-11-14,3643.442301387993,1067.7789865092307,6198.140349331048,1678.516379505427
2016-11-15,3022.3712191226978,384.9440398839407,5466.139419009883,1679.5192288733815
2016-11-16,2065.7219922737722,-475.9193676403951,4507.850375144358,1680.5220782413364
2016-11-17,3201.6180160833233,838.6675370831657,5645.634478840951,1681.524927609291
2016-11-18,3683.1155527384158,1064.2236023542719,6199.216441631239,1682.5277769772456
2016-11-19,3341.1492404388173,767.5560246296425,5946.907777060312,1683.5306263452
2016-11-20,3466.2709166638047,1006.7205137609058,6094.825105835693,1684.533475713155
2016-11-21,3608.3527530171577,986.4997411911884,6042.759270221301,1685.5363250811095
2016-11-22,2955.1597123848546,213.2641952926952,5518.925402664864,1686.5391744490641
2016-11-23,1970.3740418889806,-490.5287491980998,4652.512349578266,1687.5420238170186
2016-11-24,2450.03045666138,-46.860720900393694,4900.367243705498,1688.544873184973
2016-11-25,3544.5097745046496,986.7648053584322,6049.6283149505,1689.547722552928
2016-11-26,3187.7101808551906,561.4751081046624,5608.045781163944,1690.5505719208825
2016-11-27,3302.551436626469,993.1720857731553,5775.3874766579365,1691.5534212888372
2016-11-28,3438.7923230665656,910.5568220653989,6101.7300187578685,1692.5562706567916
2016-11-29,2783.9809790873737,182.3083072806799,5247.829476898491,1693.5591200247466
2016-11-30,1801.4827424366915,-848.6854490291269,4326.990608454369,1694.561969392701
2016-12-01,2919.2979310569317,360.0140390018398,5455.111379543784,1695.564818760656
2016-12-02,3390.179109460555,795.4223040764595,6022.5004951627525,1696.5676681286104
2016-12-03,3044.581441110624,329.7382001413745,5677.080066581495,1697.5705174965647
2016-12-04,3172.410407982034,663.626612059708,5870.481217066179,1698.5733668645196
2016-12-05,3322.7378425497463,866.7730352019823,6039.182317546103,1699.576216232474
2016-12-06,2682.391130602793,126.56695525065292,5395.653917177139,1700.579065600429
2016-12-07,1713.9980452286175,-1110.9688465369702,4056.088391430891,1701.5819149683837
2016-12-08,2844.822396953261,280.5976467834886,5190.075073426039,1702.5847643363381
2016-12-09,3326.8996395419804,927.1287668375684,5842.240878352888,1703.5876137042926
2016-12-10,2990.0056000478703,525.9847094261572,5649.074217757266,1704.5904630722475
2016-12-11,3123.4221793563356,739.0024877042755,5752.477771243949,1705.5933264554071
2016-12-12,3275.6704438092247,699.5002766146226,6001.958042690448,1706.5961898385667
2016-12-13,2633.115658150211,-91.39638839744998,5180.975540617935,1707.5990532217263
2016-12-14,1658.0261496556234,-980.9034131504877,4371.618336613485,1708.601916604886
2016-12-15,2777.4208581651696,269.03439042739126,5459.277899754462,1709.604779988046
2016-12-16,3243.214338584131,705.0050427335555,5960.927838188243,1710.6076433712055
2016-12-17,2885.1920775428625,283.87932160550923,5214.596906684583,1711.6105067543647
2016-12-18,2992.7797114273917,568.7551741974216,5477.466804239798,1712.6133701375247
2016-12-19,3114.7764614150865,475.24642958180993,5741.558310583482,1713.6162335206843
2016-12-20,2437.957097453259,-316.8383346682814,4821.392048845789,1714.619096903844
2016-12-21,1425.1244445695268,-1116.612591318161,3833.560671527972,1715.6219602870035
2016-12-22,2503.947284134762,-45.6064502006752,5117.024777150711,1716.624823670163
2016-12-23,2927.092583542885,250.03250186281244,5442.199805046026,1717.6276870533227
2016-12-24,2525.185152590851,40.2831747955876,5214.108379172362,1718.6305504364825
2016-12-25,4459.598795134876,1662.2835127413325,6894.609362030532,1719.6334138196419
2016-12-26,2323.0354461456027,-227.30783472368512,4816.251211580967,1720.6362772028015
2016-12-27,1948.1719398634532,-619.3174982055709,4533.049965051955,1721.6391405859615
2016-12-28,895.9569254415185,-1536.5956179532852,3528.9432117548636,1722.642003969121
2016-12-29,1938.9561586525826,-595.4074447341659,4606.695466282756,1723.6448673522807
2016-12-30,2330.7551795332897,-465.55753983954287,4937.03105864503,1724.6477307354403
2016-12-31,1902.8284532185164,-556.9892717682562,4444.953686533353,1725.6505941185999
2017-01-01,897.9889482184365,-1481.2491749105836,3463.196064454616,1726.6534575017595
2017-01-02,2025.0167598865946,-712.5311825137909,4674.181847491218,1727.656320884919
2017-01-03,1286.7230977892307,-1265.8621431876234,3758.2515206391286,1728.6591842680787
2017-01-04,236.16888163103522,-2361.0157340078813,2853.050747651866,1729.6620476512383
2017-01-05,1288.6557890741692,-1198.3190321060492,3836.2450252206077,1730.664911034398
2017-01-06,1697.8122658312293,-901.0071695325082,4383.951623583337,1731.6677744175577
2017-01-07,1294.9830847577286,-1217.7566623085477,3799.7057740157443,1732.6706378007175
2017-01-08,1370.9570209713802,-1252.4990102377863,4053.6783545970834,1733.673501183877
2017-01-09,1475.6624806700386,-1310.4680718750963,3994.255699447759,1734.6763645670367
2017-01-10,796.7364061134285,-1886.7101935531252,3377.226209048419,1735.6792279501963
2017-01-11,-202.45061527121265,-2880.2841831795276,2205.7479627712596,1736.6820913333559
2017-01-12,906.0226083744408,-1772.9295731054428,3446.8204033862544,1737.6849547165154
2017-01-13,1374.746266028843,-1327.7596406060661,3876.8966596856635,1738.6878180996753
2017-01-14,1033.9329548723076,-1498.667328306747,3552.739945600683,1739.6906814828349
2017-01-15,1173.1703213582168,-1437.0275639649133,3612.91084235945,1740.6935448659945
2017-01-16,2627.7149648272107,117.61885392793313,5401.9182160343635,1741.696408249154
2017-01-17,724.2338309709656,-1611.9538226369855,3134.5254092182504,1742.6992716323136
2017-01-18,-215.42927192024558,-2818.2540541754634,2287.07894311082,1743.7021350154732
2017-01-19,948.8805927638673,-1569.6340248843455,3416.8356144407467,1744.7049983986328
2017-01-20,1468.632674110733,-1134.7490413330765,3981.3588251556484,1745.7078617817926
2017-01-21,1173.0201184715224,-1330.581107464517,3659.8082845187896,1746.7107251649522
2017-01-22,1350.7379347005624,-1218.148309935727,3904.926343840209,1747.713588548112
2017-01-23,1549.7283032205567,-1255.8146893232922,4223.790038366879,1748.7164519312716
2017-01-24,955.7973253655647,-1721.4000097784497,3582.828505056872,1749.7193153144312
2017-01-25,30.684942990897525,-2570.8940851128777,2544.735912354835,1750.722178697591
2017-01-26,1200.9225375989454,-1479.8355151263793,3773.082532099339,1751.7250447477368
2017-01-27,1717.9867278463755,-979.7915123913732,4141.427423885019,1752.7279107978825
2017-01-28,1411.282041764249,-1395.1870220855162,3931.1057665540957,1753.7307768480282
2017-01-29,1569.9158544361019,-853.6310992456896,3994.9793951664074,1754.733642898174
2017-01-30,1742.435796702533,-730.2492260838221,4118.589495258609,1755.7365089483196
2017-01-31,1115.4338703645117,-1501.4695809465672,3665.746266737223,1756.7393749984656
2017-02-01,151.59926068293476,-2342.7776066492042,2541.9791535332265,1757.7422410486113
2017-02-02,1278.5547272542533,-1383.1379105658666,4007.3521952793963,1758.745107098757
2017-02-03,1748.98558528074,-761.7949337211555,4379.510670425389,1759.747973148903
2017-02-04,1393.5945007130379,-1184.9118724440705,4019.4706100033914,1760.7508391990482
2017-02-05,1502.8461708994446,-1007.5168683175367,4070.382381541354,1761.7537052491944
2017-02-06,1626.6728016461634,-1023.0800888213017,4313.279508775251,1762.7565712993398
2017-02-07,953.045384391269,-1649.9361518453325,3410.0298664887855,1763.7594373494856
2017-02-08,-54.00644235643131,-2469.0402434441503,2641.670787982852,1764.7623033996313
2017-02-09,1034.409735319927,-1404.351347512521,3789.6443874846077,1765.7651694497772
2017-02-10,1472.1473033440118,-1086.9806871162825,4196.978725595309,1766.7680354999225
2017-02-11,1090.946865518969,-1428.27934241961,3865.0846093697787,1767.7709015500686
2017-02-12,1182.1553164248398,-1404.643441215232,3714.614269393075,1768.7737676002141
2017-02-13,1296.4092892943781,-1191.918926459692,3984.0600607253696,1769.7766336503598
2017-02-14,622.1885339038683,-1793.5949155044134,3083.5781309051695,1770.7794997005055
2017-02-15,-376.1775396951705,-2797.619842950523,2249.9143875164937,1771.7823657506513
2017-02-16,730.2858710854023,-1652.6069079259692,3326.9806659319524,1772.7852318007972
2017-02-17,1195.2939032631302,-1388.637691498198,3766.2054237226093,1773.788097850943
2017-02-18,850.2302542173123,-1922.8720773365162,3607.879760993849,1774.7909639010886
2017-02-19,985.8734338895993,-1564.6831092109699,3565.254446513236,1775.7938299512343
2017-02-20,771.3208241077199,-1820.1519956852576,3286.8845706172738,1776.7966960013803
2017-02-21,536.4170350835204,-2162.9463153925217,2946.4931525868083,1777.799562051526
2017-02-22,-397.9342803149309,-2935.4995345161533,2154.85582754731,1778.8024281016717
2017-02-23,776.7664717352883,-1724.6905210617442,3295.8612548111,1779.8052941518174
2017-02-24,1312.8801061474908,-1505.4436656180858,3871.454537558145,1780.8081602019633
2017-02-25,1040.3593788905541,-1412.100669063124,3498.836389876568,1781.8110262521086
2017-02-26,1248.507917861836,-1312.7613083622562,3745.817847363314,1782.8138923022548
2017-02-27,1485.7095611684585,-1285.8190615389103,4366.987455669468,1783.8167583524003
2017-02-28,938.0325557324373,-1483.465679880278,3429.9212591498326,1784.819624402546
2017-03-01,67.29063001911618,-2410.5580951757643,2471.620110164179,1785.8224904526917
2017-03-02,1299.8956524394896,-1242.6698291567595,3975.3606952382156,1786.8253565028376
2017-03-03,1887.0105289707978,-782.659013818338,4484.850845670708,1787.8282225529833
2017-03-04,1657.5350248718669,-815.68876628335,4204.489237362292,1788.8310886031286
2017-03-05,1899.887875852069,-656.9975672223533,4418.8218822985,1789.8339546532745
2017-03-06,2161.7552431229883,-511.2575411177084,4754.532146803124,1790.8368207034202
2017-03-07,1628.7095296140221,-865.3168177045069,4145.713645951766,1791.839686753566
2017-03-08,762.280249341673,-1652.2306985270343,3350.080782159089,1792.8425528037117
2017-03-09,1988.8114608388018,-549.8740486518032,4680.883532185015,1793.8454188538576
2017-03-10,2559.6143431446435,234.0836370887787,5298.338451587719,1794.8482849040033
2017-03-11,2303.9476509716087,-206.52077146891503,4815.487291015755,1795.851150954149
2017-03-12,2510.789590619868,-204.85559262296704,4994.405871669901,1796.8540170042947
2017-03-13,2728.571466615167,242.08468250400276,5422.110154585943,1797.8568830544407
2017-03-14,2143.7776221554072,-262.4744048417909,4804.280991297954,1798.8598486017627
2017-03-15,1218.993373951963,-1292.695792093857,3766.916101592045,1799.8628141490851
2017-03-16,2381.737039352167,-72.89790485798675,5035.519148928581,1800.8657796964078
2017-03-17,2884.5843015978717,392.2228057977246,5420.835078073525,1801.8687452437298
2017-03-18,2558.1188622544278,45.947573882827996,5170.247689000786,1802.8717107910522
2017-03-19,2692.673571984702,-8.591295245549492,5431.041550646247,1803.8746763383747
2017-03-20,2838.0331531899265,236.2582034557032,5540.0000976971005,1804.877641885697
2017-03-21,2182.0036967183673,-340.6063049100055,4612.9763615606025,1805.8806074330193
2017-03-22,1188.4318647946843,-1347.592968163412,3762.398123871641,1806.8835729803418
2017-03-23,2286.0095944154373,-173.2779648374513,4700.999129381809,1807.886538527664
2017-03-24,2728.3741730092534,220.77486201037206,5214.681084037485,1808.8895040749865
2017-03-25,2347.0376934682463,-341.0662878473063,4898.496671699495,1809.892469622309
2017-03-26,2433.110645637997,-124.84675091167435,4990.125067620273,1810.8954351696311
2017-03-27,2536.991124395404,17.905721048483233,5115.866200947632,1811.8984007169536
2017-03-28,1846.9250951361178,-832.6830749329158,4596.466735144021,1812.901366264276
2017-03-29,827.0207941370646,-1751.0526413033515,3321.22523552587,1813.9043318115985
2017-03-30,1906.0530879489938,-749.4671089816716,4524.084511021317,1814.9072973589207
2017-03-31,2337.5675789783145,-130.25333963874846,4877.660662206637,1815.9102629062431
2017-04-01,1952.8182689780933,-706.6966509329203,4486.042558129981,1816.9132284535656
2017-04-02,2042.5032382234854,-556.5478368312182,4708.722638417469,1817.9161940008878
2017-04-03,2156.4694266655897,-377.68208132315425,4718.273371770445,1818.9191595482102
2017-04-04,1482.2914812226531,-1213.5024721573755,3995.1751645259237,1819.9221250955327
2017-04-05,483.30720117730925,-1884.7889724579459,3081.522360033366,1820.925090642855
2017-04-06,1587.4448067322926,-1034.059975626083,4084.213139438209,1821.9280561901774
2017-04-07,2047.3511821120096,-588.632153573145,4759.054242078001,1822.9310217374998
2017-04-08,1693.3542496958257,-812.8572981867424,4194.420128028893,1823.9339872848218
2017-04-09,1815.2232760612549,-740.9595833551949,4453.108004525702,1824.9369528321445
2017-04-10,1961.89755512665,-449.3603084303715,4457.169259701394,1825.939918379467
2017-04-11,1320.0878240349057,-1425.3982731670185,3805.236112120705,1826.942883926789
2017-04-12,352.3323834458556,-2211.0566551812003,2957.6146689952916,1827.9458494741116
2017-04-13,1485.8426493971494,-1170.5168164989384,4046.2502261963336,1828.948815021434
2017-04-14,1972.6468648499276,-595.1381818943548,4512.031037593473,1829.951780568756
2017-04-15,1642.564788690207,-974.6007710882287,4078.4792467547777,1830.9547461160785
2017-04-16,1784.976916651829,-973.6489335038883,4319.01621638666,1831.9577116634011
2017-04-17,1948.5585299935253,-710.2732467345163,4645.345169031316,1832.9606772107231
2017-04-18,1319.8828776491628,-1252.461467863948,3937.376784943787,1833.9636427580456
2017-04-19,361.47551239338145,-2272.4700548746696,2831.6492775850184,1834.966608305368
2017-04-20,1500.6546527704877,-970.1455199972647,4114.339644135284,1835.9695738526902
2017-04-21,1989.666533251168,-404.5470699410771,4419.293616122946,1836.9725394000127
2017-04-22,1658.6488765217243,-989.4242745488558,4168.561548765445,1837.9755049473351
2017-04-23,1797.3864299667653,-758.611021751832,4402.984333142461,1838.9784704946574
2017-04-24,1955.0293090919806,-763.3573484411897,4599.085641312503,1839.9814360419798
2017-04-25,1318.678946517874,-1305.029060981458,4040.6725306102767,1840.984401589302
2017-04-26,351.42419132521604,-2068.940335897791,3082.7726647584605,1841.9873671366245
2017-04-27,1481.1629709598285,-1123.294569242304,3924.0504033091534,1842.990332683947
2017-04-28,1960.7190195418407,-589.1195750292787,4550.055164417759,1843.993298231269
2017-04-29,1620.7873335900276,-881.3526237414148,4252.7710263866675,1844.9962637785916
2017-04-30,1751.6727956572875,-606.7895900416138,4299.652450695485,1845.999229325914
2017-05-01,1902.9931650262515,-625.022923610571,4297.820703682096,1847.002194873236
2017-05-02,1262.2516363771506,-1194.4598260367054,3874.2800895176388,1848.0051604205587
2017-05-03,292.86184921762583,-2327.792838787582,2954.9136361878263,1849.0081259678811
2017-05-04,1422.9610256343562,-1259.6329886086596,4015.487458332407,1850.0110915152031
2017-05-05,1905.5209269579389,-604.3310800042107,4555.199100270844,1851.0140570625256
2017-05-06,1571.290394508081,-1095.4507784730895,4025.033354819949,1852.0170226098483
2017-05-07,1710.5339354414673,-959.8751406625552,4400.242728919602,1853.0199881571702
2017-05-08,1872.7374904079113,-730.0936932937052,4246.386581030259,1854.0229537044927
2017-05-09,1245.186442183667,-1426.0322300163764,3933.095682310929,1855.0259192518151
2017-05-10,290.99853242085214,-2329.747375927716,2909.6385068448185,1856.0288847991374
2017-05-11,1437.9470821577502,-1269.5659054286832,4077.9300275494556,1857.0318503464598
2017-05-12,1938.5838677293252,-432.5988136092346,4705.918760247873,1858.0348158937823
2017-05-13,1623.1950322611508,-1001.7904318589059,4038.9660016408448,1859.0377814411045
2017-05-14,1781.5540743688352,-636.349294588088,4381.431873117742,1860.040746988427
2017-05-15,1962.6426099919422,-705.7644149808682,4675.153529512792,1861.0437125357494
2017-05-16,1353.2435171747907,-1236.865955003827,3948.810080886221,1862.0466780830716
2017-05-17,415.9886863809429,-2233.4791023866496,3108.666186349171,1863.049643630394
2017-05-18,1578.196344755725,-1005.7195502761277,4071.414190318115,1864.0526091777165
2017-05-19,2092.0069083077756,-537.9774556311863,4667.133432215271,1865.0555747250387
2017-05-20,1787.3503849271815,-1032.8210641665003,4353.955405154381,1866.0585402723611
2017-05-21,1953.709062639561,-675.973019034685,4596.745984712995,1867.0615058196836
2017-05-22,2139.8459299577494,-411.29337553566813,4750.986334995286,1868.0644713670058
2017-05-23,1532.403253214274,-1064.314527459425,4012.2160506365067,1869.0674369143283
2017-05-24,593.9534170758952,-2011.1916236636175,3146.8711548195165,1870.0704024616507
2017-05-25,1751.8369508009014,-610.6350054070748,4319.556605551771,1871.0733680089727
2017-05-26,2258.296719081344,-354.0486038733335,5053.336207586631,1872.0763335562954
2017-05-27,1943.4413937687802,-556.6921417866513,4465.89312162453,1873.0792991036178
2017-05-28,2097.002099072349,-455.6112075525964,4728.174812538953,1874.0822646509398
2017-05-29,3403.1268797967364,895.4413731328215,5904.501918155848,1875.0852301982623
2017-05-30,1643.5997846221194,-1079.2258348457956,4284.744811225521,1876.088195745585
2017-05-31,686.6206852878772,-1917.1052413851428,3179.8374318864144,1877.091161292907
2017-06-01,1824.8915912947602,-835.6566287022454,4309.954690876109,1878.0941268402294
2017-06-02,2311.1083108203106,-355.13486564190924,4823.639579171109,1879.097092387552
2017-06-03,1975.8372463644666,-715.4178267087103,4702.660951455781,1880.100057934874
2017-06-04,2109.25949445449,-430.82372030806494,4595.2591331223175,1881.1030234821965
2017-06-05,2260.879290974662,-258.1486473837685,4784.847009191342,1882.105989029519
2017-06-06,1618.1018368240807,-998.462299035556,4264.344900683127,1883.1089545768411
2017-06-07,644.2632302452369,-1846.1580644486166,3217.4859102957735,1884.1119201241636
2017-06-08,1767.4480406357684,-902.673779269031,4397.561602752431,1885.114885671486
2017-06-09,2240.604088717833,-54.927776211401095,4819.37251607806,1886.1178512188083
2017-06-10,1894.488092557543,-676.1318897061504,4675.052098053943,1887.1208167661307
2017-06-11,2019.4065567078542,-427.3460610811886,4606.164982599174,1888.123782313453
2017-06-12,2164.9229813777492,-424.6530935881848,4838.993849883167,1889.1267478607754
2017-06-13,1518.4364152461658,-949.2213840392807,3986.791993294941,1890.1297134080978
2017-06-14,543.2140084832713,-2074.435389572856,3211.4886453422614,1891.1326789554198
2017-06-15,1667.2129750591955,-823.9550790711222,4255.043250738683,1892.1356445027425
2017-06-16,2143.201352736316,-574.1205464856351,4603.271514999027,1893.138610050065
2017-06-17,1801.7109990123192,-774.0382482187939,4216.325871829338,1894.141575597387
2017-06-18,1932.786941987171,-609.4481054641884,4259.922591948741,1895.1445411447094
2017-06-19,2085.703876193587,-456.1442137988237,4530.839613990949,1896.147506692032
2017-06-20,1447.5545209022875,-1195.0295510957715,3971.418772586379,1897.150472239354
2017-06-21,481.2921816990181,-2183.5608512966655,3121.1295365933624,1898.1534377866765
2017-06-22,1614.5626091684985,-967.4725315112715,4170.345527287423,1899.1564033339992
2017-06-23,2099.834237688424,-420.0995017297511,4846.77842601334,1900.1593688813211
2017-06-24,1767.359956721117,-767.0663219401742,4324.702243212802,1901.1623344286436
2017-06-25,1906.934275502694,-552.9169722858107,4488.142434601367,1902.165299975966
2017-06-26,2067.6164485634204,-555.2840568624208,4730.711305804021,1903.1682655232883
2017-06-27,1436.3240988625107,-1089.9561099759974,4020.443307343311,1904.1712310706107
2017-06-28,475.8795454170538,-2138.85891117885,3008.0529303994645,1905.1741966179331
2017-06-29,1613.8438457181376,-1052.2638399213824,4020.6933138658505,1906.1771621652554
2017-06-30,2102.6476045130353,-470.43833986907146,4682.002422290665,1907.1801277125778
2017-07-01,1772.5517224636824,-673.9712332115561,4536.646513491918,1908.1830932599003
2017-07-02,1913.4020176536897,-523.7152848128965,4351.583632222426,1909.1860588072225
2017-07-03,2074.3484075331535,-470.09691506699363,4450.602837687163,1910.189024354545
2017-07-04,788.8973124407548,-1749.6417680702793,3415.761525388182,1911.1919899018674
2017-07-05,480.6319651236279,-2186.9093042294867,3024.84643265913,1912.1949554491896
2017-07-06,1616.6790413130864,-842.6794885292258,4289.049269374759,1913.197920996512
2017-07-07,2103.1922982862484,-459.6568964042868,4662.092473000175,1914.2008865438345
2017-07-08,1770.6252857454745,-580.8108136656076,4361.974776174952,1915.2038520911567
2017-07-09,1909.0141660311185,-554.0647807698283,4534.149791696952,1916.2068176384792
2017-07-10,2067.689328563126,-455.7727177553309,4469.4120287401,1917.2097831858016
2017-07-11,1433.8567998293872,-1279.9387218394334,3885.8446417853634,1918.212748733124
2017-07-12,470.63209854874435,-2023.4001115690019,3061.4118981405536,1919.2157142804463
2017-07-13,1605.8619920747608,-1124.843957835929,4084.4926044957238,1920.2186798277687
2017-07-14,2092.2436400651136,-315.051687159828,4729.522393550059,1921.2216453750912
2017-07-15,1760.2747077169734,-903.5063751799524,4157.482856058417,1922.2246109224131
2017-07-16,1899.9987518210137,-778.2060294087328,4361.118622580098,1923.2275764697358
2017-07-17,2060.716886914062,-600.9492440645583,4435.050397709697,1924.2305420170583
2017-07-18,1429.5706911839266,-1199.2916437291763,3862.4362936662665,1925.2335075643803
2017-07-19,469.57895082267237,-2265.324350099035,3115.7836004502465,1926.236473111703
2017-07-20,1608.4636010653348,-945.4821991272356,4296.8445703519765,1927.2394386590254
2017-07-21,2098.77420822295,-688.5926109237529,4788.007663520716,1928.2424042063474
2017-07-22,1770.844394164345,-596.0986978434623,4239.0679565870705,1929.2453697536698
2017-07-23,1914.5442919868856,-635.5667141654118,4450.148847776541,1930.248335300992
2017-07-24,2078.9997990120855,-598.8913140588097,4581.465304640832,1931.2513008483145
2017-07-25,1451.1833265274877,-1012.8741670763103,4086.4320960880123,1932.254266395637
2017-07-26,493.95837377038606,-2032.5938843201802,3085.866889700955,1933.2572319429592
2017-07-27,1634.9130110193014,-1002.4708646952016,4284.849731941559,1934.2601974902816
2017-07-28,2126.491349003338,-583.5597399926016,4851.581581170334,1935.2631630376038
2017-07-29,1798.9561438455878,-657.38602661293,4511.243298532158,1936.2661285849263
2017-07-30,1942.14639684366,-713.3380584384252,4369.978757434629,1937.2690941322487
2017-07-31,2105.2005161125544,-582.7271406680068,4666.954310588455,1938.2720596795707
2017-08-01,1475.1495768491825,-1269.1571512155967,4169.998959176459,1939.2750252268934
2017-08-02,514.962887248694,-1804.2900164542316,2943.520837559955,1940.2779907742158
2017-08-03,1652.3808703020807,-743.5978829432634,4260.093998156651,1941.2809563215378
2017-08-04,2140.0443130259778,-315.0479292107432,4501.491735970601,1942.2839218688603
2017-08-05,1808.4531563515072,-696.4713392062386,4402.333861158728,1943.286887416183
2017-08-06,1947.7187590917351,-460.0084882723964,4500.972917699777,1944.289852963505
2017-08-07,2107.2803245792147,-460.2730305606316,4595.016134278184,1945.2928185108274
2017-08-08,1474.490193413862,-1095.4759196325708,4142.831622557233,1946.29578405815
2017-08-09,512.6504159655135,-2116.9324216647333,3111.6705823743796,1947.2987496054725
2017-08-10,1649.8358559449441,-917.3854463330033,4305.559398164945,1948.3017151527945
2017-08-11,2139.013145302082,-459.6222100251437,4721.912765860039,1949.304680700117
2017-08-12,1810.9889523225836,-793.3815445437227,4480.42467232351,1950.3076462474396
2017-08-13,1956.151796674821,-532.5714681292856,4422.917429057619,1951.3106117947616
2017-08-14,2124.178403514412,-405.98504253033076,4899.645840693244,1952.313577342084
2017-08-15,1502.609597919578,-1013.3810617013949,4141.8809939952625,1953.3165428894067
2017-08-16,554.8784368726376,-1922.71909677255,3311.011848967831,1954.3195084367287
2017-08-17,1709.1260913919755,-890.447942117867,4221.093684896987,1955.3224739840512
2017-08-18,2218.3150301560454,-418.6283730292176,4897.35766879741,1956.3254395313736
2017-08-19,1913.1731610660454,-721.319588376253,4541.785427824934,1957.3284050786958
2017-08-20,2083.933316448314,-500.1510243504242,4674.358276108443,1958.3313706260183
2017-08-21,2280.039179220973,-127.43725159411042,4929.737690599447,1959.3343361733407
2017-08-22,1688.7227062309717,-940.7527104031519,4179.7944111158695,1960.337301720663
2017-08-23,773.0357492983978,-1743.1154794243796,3244.12378485899,1961.3402672679854
2017-08-24,1960.6713374871433,-421.4452382440811,4355.84345035453,1962.3432328153078
2017-08-25,2504.0840720908373,102.07334577726326,5150.0009202861465,1963.34619836263
2017-08-26,2233.443142354101,-313.81391363212276,4809.37791420136,1964.3491639099525
2017-08-27,2438.38215475079,-78.35790250420509,4993.23010289542,1965.352129457275
2017-08-28,2667.7166408408825,44.56200776847949,5258.465609460414,1966.3550950045972
2017-08-29,2108.034034454936,-409.3806540430779,4546.109909657046,1967.3580605519196
2017-08-30,1221.73852708007,-1282.2053028286084,3784.184083574878,1968.361026099242
2017-08-31,2435.885954967118,-128.36171575996377,4999.22726622755,1969.363991646564
2017-09-01,3002.3178492719344,359.6517411889022,5377.454044099745,1970.3669571938867
2017-09-02,2750.627835212734,236.84814870280312,5257.85336969616,1971.3699227412092
2017-09-03,2969.924257765569,381.44563881708484,5493.723319677899,1972.3728882885312
2017-09-04,3934.5749040438914,1168.2581408289277,6557.040102541041,1973.3758538358538
2017-09-05,2652.7311944653698,-106.68083090116097,5299.513424704517,1974.3788193831763
2017-09-06,1764.53542408969,-707.5749468262828,4315.290915450846,1975.3817849304983
2017-09-07,2970.8102920196643,363.70203861476443,5479.603346157686,1976.3847504778207
2017-09-08,3523.275379513808,922.2074747706283,6183.278534046332,1977.387716025143
2017-09-09,3251.5022130298103,898.507982872993,5812.172224450441,1978.3906815724654
2017-09-10,3444.678848675252,937.5213570815151,5943.729949266455,1979.3936471197878
2017-09-11,3651.3392036695323,1175.0296755513368,6311.098314439095,1980.39661266711
2017-09-12,3057.9616626935376,424.49310012835247,5476.091516910574,1981.3995782144325
2017-09-13,2127.0191817188347,-457.9871623609089,4809.997879941716,1982.402543761755
2017-09-14,3285.815936581116,730.0350099578145,5867.12939536118,1983.4055093090772
2017-09-15,3786.619622881589,1219.214287344573,6450.036494724203,1984.4084748563996
2017-09-16,3459.6226493095755,737.0097451360692,5833.394353379029,1985.411440403722
2017-09-17,3594.6962357647617,1064.1931668246275,5969.69679008274,1986.4144059510443
2017-09-18,3741.1081877918677,1214.1407369145725,6246.520253898786,1987.4173714983667
2017-09-19,3086.1091332437372,381.4010472689972,5574.593337747701,1988.4203370456892
2017-09-20,2092.969712937507,-677.0948628791173,4742.669946672049,1989.4233025930112
2017-09-21,3189.8040457741517,790.1171737084849,5788.113241885729,1990.4262681403338
2017-09-22,3629.6888452722633,1247.2893536084573,6258.461967035561,1991.4292336876563
2017-09-23,3243.6116904520327,744.9957129015304,5828.184193395237,1992.4321992349783
2017-09-24,3322.2127079088405,785.5714783087191,5850.844531398515,1993.435164782301
2017-09-25,3415.490660949661,859.032676164164,5897.24221575504,1994.4381303296234
2017-09-26,2711.378430603089,-85.72459499727,5336.4649180052065,1995.4410958769454
2017-09-27,1673.7705498095074,-948.9352259228187,4082.148292762034,1996.4440614242678
2017-09-28,2731.33824874952,70.01658788469994,5300.041533422326,1997.4470269715905
2017-09-29,3137.641492012104,646.7561252950328,5555.610477109396,1998.4499925189125
2017-09-30,2724.071579793163,-113.19036852689399,5273.931975211637,1999.452958066235
2017-10-01,2781.588605095274,294.62017788783544,5353.117398612064,2000.4559236135576
2017-10-02,2860.4247650653256,152.5453732920273,5387.734126998261,2001.4588891608796
2017-10-03,2148.658482917082,-241.91958474216577,4686.184004404963,2002.461854708202
2017-10-04,1110.2419454754067,-1319.8852780643444,3866.396955265172,2003.4648202555245
2017-10-05,2173.81743406488,-177.01424584432473,4709.000782736575,2004.4677858028467
2017-10-06,2592.83182875771,-136.12068436498276,5078.1864230193605,2005.4707513501692
2017-10-07,2198.482742118081,-261.02669703789934,4780.595478250801,2006.4737168974916
2017-10-08,2281.4604468491134,-373.87184850550244,4792.130967094357,2007.4766824448138
2017-10-09,2115.052743654503,-631.9538033846438,4537.667997703111,2008.4796479921363
2017-10-10,1716.7436150234764,-1098.040336351424,4118.77268959903,2009.4826135394587
2017-10-11,720.2100591858787,-2024.084240638336,3249.9222307053924,2010.485579086781
2017-10-12,1830.1824810458047,-591.658928182958,4256.740051160779,2011.4885446341034
2017-10-13,2299.5477725662167,-90.24655820770019,4833.344016036102,2012.4915101814258
2017-10-14,1958.9065068303012,-641.6302882214478,4802.655119356331,2013.494475728748
2017-10-15,2098.322289171156,-440.12999026213043,4677.444234914249,2014.4974412760705
2017-10-16,2267.037766250822,-369.5741044763379,4720.305367208429,2015.500406823393
2017-10-17,1652.062046423112,-895.5781295246524,4466.168197407005,2016.503372370715
2017-10-18,716.2119495586037,-1975.2709183231777,3243.974302128129,2017.5063379180376
2017-10-19,1886.9422956653416,-681.9523971799379,4378.647376412271,2018.50930346536
2017-10-20,2416.474464299251,-210.6120680575943,4756.397127078843,2019.512269012682
2017-10-21,2134.7565532239755,-583.3913999021344,4823.493319075363,2020.5152345600047
2017-10-22,2331.219193037313,-92.3112250632281,4918.047872945387,2021.5182001073272
2017-10-23,2554.4977922606004,-207.37344781382112,5139.043316624279,2022.5211656546492
2017-10-24,1991.0259590940223,-553.2894032307807,4561.1504004785575,2023.5241312019716
2017-10-25,1103.0825089130067,-1417.608913656967,3417.068210537771,2024.5270967492938
2017-10-26,2317.627253564996,-149.73076307015864,5016.339776264238,2025.5300622966163
2017-10-27,2886.4347842535444,167.83792937504683,5487.6487185996475,2026.5330278439387
2017-10-28,2639.059547825023,-31.240024078772553,5167.209611818685,2027.535993391261
2017-10-29,2864.5962343732854,333.1940764564824,5425.509848878824,2028.5389589385834
2017-10-30,3111.406201319963,422.5140914300417,5587.913293889382,2029.5419244859058
2017-10-31,2565.7146199711688,5.391052543628496,5124.597298374951,2030.544890033228
2017-11-01,1689.6606835052378,-827.142009624852,4277.973521906745,2031.5478555805505
2017-11-02,2910.1359936156564,440.5396348025579,5543.154859102067,2032.550821127873
2017-11-03,3478.920252385985,717.997300942511,6165.159843621349,2033.5537866751952
2017-11-04,3225.6474702018218,668.4654365545621,5854.397981637113,2034.5567522225176
2017-11-05,3439.566618308493,724.7562788889772,5802.220113769039,2035.55971776984
2017-11-06,3669.2673652418707,1084.9627008327413,6048.725869218841,2036.562683317162
2017-11-07,3101.2755047547626,418.0274437665133,5688.62853399147,2037.5656488644847
2017-11-08,2198.1003476416495,-342.7902758418996,4651.761030887772,2038.5686144118072
2017-11-09,3387.069144219123,860.475587932888,6168.206970443942,2039.5715799591292
2017-11-10,3938.5571307118867,1298.8221728272415,6492.538537753738,2040.5745455064518
2017-11-11,4672.244147758605,2151.6551838128385,7249.420776258219,2041.5775110537743
2017-11-12,3800.8916638420487,1311.5329856453925,6236.327505247563,2042.5804766010963
2017-11-13,3987.007156495316,1475.891741287414,6508.509022270065,2043.5834421484187
2017-11-14,3373.985177905175,653.720554471583,5914.082110863691,2044.5864076957414
2017-11-15,2425.0158124497934,-41.5171693156227,5027.825439206986,2045.5893732430634
2017-11-16,3568.113566932803,1085.2870800739236,6102.955025861662,2046.5923387903858
2017-11-17,4056.236023033679,1566.119664277255,6600.295386632782,2047.5953043377083
2017-11-18,3720.231443405016,1132.153449717933,6328.198937822676,2048.5982698850303
2017-11-19,3850.5795151798593,1498.0518596562433,6494.948705247614,2049.601235432353
2017-11-20,3997.0961760891714,1463.7533723004244,6480.499715397764,2050.6042009796756
2017-11-21,3347.507484372706,887.4943506737083,5862.878061617294,2051.607166526998
2017-11-22,2365.4752002138016,-91.2891572654155,4871.298504890916,2052.61013207432
2017-11-23,2847.0326937255304,253.47685502647522,5398.8999067918,2053.6130976216427
2017-11-24,3942.5789061474043,1202.8222485684323,6439.509823014501,2054.616063168965
2017-11-25,3586.049518695725,977.4645369489555,6265.038208961749,2055.619028716287
2017-11-26,3700.4206257892893,1016.8072278489707,6114.467662972948,2056.62199426361
2017-11-27,3835.5252011992416,1248.0448659042577,6403.997477124561,2057.624959810932
2017-11-28,3179.0020177998704,558.7939777004931,5751.468761878612,2058.6279253582543
2017-11-29,2194.321648837501,-405.2119443076941,4867.409604664676,2059.630890905577
2017-11-30,3309.6020148116154,683.9637713429946,5974.7177690649,2060.633856452899
2017-12-01,3777.723059875678,1119.9967855162463,6295.939177196209,2061.6368220002214
2017-12-02,3429.274208116261,1027.474392384543,6012.501313558709,2062.6397875475436
2017-12-03,3554.2989403515185,912.0626962104016,5928.489580120752,2063.6427530948663
2017-12-04,3702.0075043550796,1360.0231206662324,6385.660941369901,2064.6457186421885
2017-12-05,3059.3626920099955,582.068030094264,5614.716557577863,2065.6486841895107
2017-12-06,2089.1212241056614,-441.6507310723924,4780.464985572352,2066.651649736833
2017-12-07,3218.6660116999656,601.945930886179,5825.743469718226,2067.6546152841556
2017-12-08,3700.138519065518,1229.5669515678492,6216.177630352183,2068.657580831478
2017-12-09,3363.404481381349,992.113795682592,6044.69228512688,2069.6605463788
2017-12-10,3497.8168912613346,608.9698448762401,6167.754028886081,2070.6635119261227
2017-12-11,3651.946821208733,1200.572224359652,6032.269516092117,2071.6664774734445
2017-12-12,3012.186561265731,371.3769831861194,5686.921822698372,2072.669443020767
2017-12-13,2040.8071615283754,-477.1035231555986,4685.743673209826,2073.67240856809
2017-12-14,3164.8052125708996,408.4654969646558,5668.115819021299,2074.6753741154116
2017-12-15,3636.0476797932183,1078.4065831991122,6193.0444991278155,2075.6783396627343
2017-12-16,3284.2476746014922,618.7469578246317,5811.228378758468,2076.681305210057
2017-12-17,3398.7347556025347,945.5172168730738,6030.597563792017,2077.684270757379
2017-12-18,3528.1900656097387,918.0576900769315,6120.738786742442,2078.6872363047014
2017-12-19,2859.2505905005723,434.9856439498973,5411.88290997168,2079.690201852024
2017-12-20,1854.5645116813223,-797.4322069191335,4388.181680618702,2080.6931673993463
2017-12-21,2941.6324478716983,438.53487538838135,5595.318543518101,2081.6961329466685
2017-12-22,3372.9434488809775,760.1854017216439,5843.6634750306375,2082.6990984939907
2017-12-23,2978.938756037359,472.4170274198756,5530.370218920604,2083.7020640413134
2017-12-24,3049.7671383356455,447.7248232962732,5594.003630038269,2084.7050295886356
2017-12-25,5006.0425721464235,2560.5461119679785,7626.985988146449,2085.707995135958
2017-12-26,2422.2277653898445,-223.0755706465824,5012.724975026327,2086.7109606832805
2017-12-27,1375.0694090174902,-1271.4576590570348,4044.4338949326957,2087.7139262306027
2017-12-28,2422.0146634945027,-256.2177068789302,4899.999180635446,2088.716891777925
2017-12-29,2816.524072921583,307.4104452208726,5157.879234519131,2089.7198573252476
2017-12-30,2389.971027905554,-308.89588733855203,4958.909240740394,2090.72282287257
2017-12-31,2433.3733409191354,-53.34031648325079,5046.894928524316,2091.725788419892
2018-01-01,1448.8090161179398,-1190.1782132858878,4097.787468714858,2092.7287539672143
2018-01-02,1769.3741635032038,-881.2813412113874,4100.952787844081,2093.731719514537
2018-01-03,714.4079317703331,-1918.1895256968317,3253.973146921715,2094.734685061859
2018-01-04,1761.083779829991,-739.7159739603246,4384.665193245958,2095.737650609182
2018-01-05,2163.113458215672,-243.79043557986995,4691.911491218685,2096.740616156504
2018-01-06,1751.9557933959636,-1001.9350388405003,4174.192444567999,2097.7435817038263
2018-01-07,1818.5422986527913,-888.7231879372697,4479.0669831987825,2098.7465472511485
2018-01-08,1912.970000604744,-675.8679356741865,4348.16721846988,2099.749512798471
2018-01-09,1223.0668597539416,-1236.6689349180356,3628.7914058085285,2100.7524783457934
2018-01-10,212.41278722431957,-2245.6495593349805,2800.493488578488,2101.755443893116
2018-01-11,1309.151994364267,-1215.0575879653807,3869.348967052762,2102.758409440438
2018-01-12,1766.1063638418875,-619.6379060424744,4320.635881204138,2103.7613749877605
2018-01-13,1413.7235445275837,-1300.687177221366,3964.6775002862382,2104.7643405350827
2018-01-14,1541.8241083266446,-851.8664466904445,4212.441722664434,2105.7673060824054
2018-01-15,2985.8899344650345,292.8407849647559,5386.009779931704,2106.7702716297276
2018-01-16,1072.800184088727,-1708.2068355453605,3743.3243690931467,2107.7732371770503
2018-01-17,124.59263338609298,-2521.1645541182424,2527.1298817226025,2108.776202724372
2018-01-18,1281.5931230383903,-1359.575754362713,3791.6644684733214,2109.7791682716947
2018-01-19,1795.4144167777758,-756.6282436223789,4408.675519135021,2110.782133819017
2018-01-20,1495.3620644173345,-1024.2711084950884,4098.178612965795,2111.785099366339
2018-01-21,1670.2093487086945,-828.1270429160597,4344.433098339742,2112.788064913662
2018-01-22,1867.940362560843,-748.7465503229021,4326.463582218208,2113.791030460984
2018-01-23,1274.3653776614824,-1259.7962442256453,3941.4409650289485,2114.7939960083063
2018-01-24,351.1902784639931,-2164.551728275371,2931.3613673572254,2115.796961555629
2018-01-25,1524.8745904112952,-997.7127424896776,4110.33931022716,2116.799927102951
2018-01-26,2046.7866340168464,-672.3252481393383,4546.737280911192,2117.8028926502734
2018-01-27,1746.1884313137668,-800.5558275510531,4397.496743383731,2118.805858197596
2018-01-28,1912.0137361337493,-586.509082650137,4698.410939910025,2119.8088237449183
2018-01-29,2092.6093131765465,-548.7067557608176,4716.580579416005,2120.8117892922405
2018-01-30,1474.3436165925177,-1146.6742010536811,4055.315382470166,2121.8147548395627
2018-01-31,519.6647534113704,-2192.4561217850937,3247.3634442014327,2122.8177203868854
2018-02-01,1655.9424920930965,-912.4175196078592,4317.786984008701,2123.8206859342076
2018-02-02,2135.603194621319,-272.59722961707496,4664.310584841592,2124.8236514815303
2018-02-03,1789.0907530327293,-707.6544352715623,4266.311035800901,2125.826617028852
2018-02-04,1906.6174533728977,-778.8638546357558,4504.420390205911,2126.8295825761747
2018-02-05,2037.8755275938477,-606.0426176229569,4544.859226346877,2127.832548123497
2018-02-06,1370.6142482059695,-1216.1900256996619,3802.565968417301,2128.8355136708196
2018-02-07,368.66520666283304,-2209.8443970558055,2927.566981311388,2129.838479218142
2018-02-08,1460.751323934402,-1119.9504753418325,3861.9602779157117,2130.8414447654645
2018-02-09,1900.58927310254,-607.995608221104,4547.580398923938,2131.8444103127863
2018-02-10,1519.8191891739734,-1095.8920195679982,4115.132249972849,2132.847375860109
2018-02-11,1609.7263563728511,-911.565434596902,4021.027140187926,2133.850341407431
2018-02-12,1720.9263541924654,-865.675438713181,4255.891121622381,2134.853306954754
2018-02-13,1041.9191729370366,-1492.7942427471032,3555.170938672659,2135.856272502076
2018-02-14,37.09551388024147,-2536.3561820017435,2640.501831957353,2136.8592380493983
2018-02-15,1135.5313003204114,-1385.2564910516508,3644.719541273995,2137.8622035967205
2018-02-16,1591.0804482786348,-1203.1394417886686,4366.46337081126,2138.865169144043
2018-02-17,1235.300022488369,-1153.7353061240908,3695.5015424490243,2139.8681346913654
2018-02-18,1359.1725933418056,-1198.5710105646428,4134.844711714447,2140.871100238688
2018-02-19,1132.0256695014596,-1447.8248792800164,3473.4254241862686,2141.8740657860103
2018-02-20,883.9548082122615,-1710.1551933740734,3452.926400142408,2142.8770313333325
2018-02-21,-63.87030899994852,-2733.284743272638,2448.8047082353573,2143.8799968806547
2018-02-22,1097.3249303660832,-1376.8889774546994,3661.7724631850137,2144.8829624279774
2018-02-23,1620.1790528788495,-783.8927860533192,4348.592691039682,2145.8859279752996
2018-02-24,1334.918869350512,-1196.9974011988133,4096.953915021241,2146.8888935226223
2018-02-25,1531.112156556235,-1154.855494997567,3984.0652615492054,2147.8918590699445
2018-02-26,1757.3909976415184,-856.992962767505,4308.179453483737,2148.8948246172667
2018-02-27,1200.0503779772635,-1336.3488783162404,3950.254620384916,2149.897790164589
2018-02-28,321.1041838397971,-2301.0486442430115,2901.214517162923,2150.9007557119116
2018-03-01,1547.1334353819657,-1069.3750182573394,3977.319130688637,2151.903721259234
2018-03-02,2129.4355107657857,-446.7158294466548,4863.570712951394,2152.9066868065565
2018-03-03,1897.0071304811395,-631.5642080384406,4337.267779604929,2153.9096523538783
2018-03-04,2138.3245302423834,-433.1763359345251,4726.299940362028,2154.912617901201
2018-03-05,2401.090917170555,-256.74829304330774,4909.451319277385,2155.915583448523
2018-03-06,1870.8552433601687,-755.8434291512018,4297.834181469381,2156.9185489958454
2018-03-07,1009.0839817372075,-1445.8588091472513,3457.2402120160996,2157.921514543168
2018-03-08,2242.0203845436295,-340.2561600089126,4778.019071185271,2158.9244800904903
2018-03-09,2820.839749901,314.6095672977491,5429.123720419853,2159.9274456378125
2018-03-10,2574.633358736263,-59.35656187662335,5050.089547598732,2160.9304111851347
2018-03-11,2792.1845306482287,266.57019192880585,5278.30748639073,2161.9333767324574
2018-03-12,3021.7070388458064,341.98666525054836,5392.505916009242,2162.9363422797796
2018-03-13,2449.4501846437165,-101.8669193263588,4907.416783988492,2163.9393078271023
2018-03-14,1537.7525960105904,-744.9242109938415,4041.6546716845223,2164.9422733744245
2018-03-15,2713.8797128184992,143.21599266018464,5273.522865094682,2165.9452389217467
2018-03-16,3230.1540561492575,575.1912683766826,5832.501604431885,2166.948204469069
2018-03-17,2916.911590325425,182.42875980722246,5452.895932783227,2167.9511700163916
2018-03-18,3064.248329690123,579.7336432202476,5795.725110398969,2168.9541355637134
2018-03-19,3221.7281726435012,621.1854884700682,5888.858997712794,2169.9571011110365
2018-03-20,2576.9570252214417,-36.87882668064267,5062.193920838675,2170.9600666583588
2018-03-21,1593.6060403480196,-878.1691565125927,4038.29451934317,2171.963032205681
2018-03-22,2700.2196774465715,59.33201743645144,5365.346388799564,2172.965997753003
2018-03-23,3150.318383409202,505.28241649724765,5820.8355656021085,2173.9689633003254
2018-03-24,2775.3298512488914,41.16099177821207,5266.004314415073,2174.971928847648
2018-03-25,2866.3135841168796,244.3516525834142,5678.154362411837,2175.9748943949708
2018-03-26,2973.6502371111787,486.70926433335217,5853.526151510842,2176.9778599422925
2018-03-27,2285.601191532155,-206.90444879619992,4892.973089165709,2177.980825489615
2018-03-28,1266.3214739734103,-1312.7583705280986,3750.647679837802,2178.9837910369374
2018-03-29,2344.6618988643454,-361.751720949643,4971.1710325052545,2179.9867565842596
2018-03-30,2774.2702943305712,131.60519575111954,5319.706403209982,2180.9897221315823
2018-03-31,2386.5257113349867,-170.94860916691536,5098.285807812088,2181.992687678905
2018-04-01,2472.27017569348,-186.22686402450583,5081.767775177321,2182.9956532262268
2018-04-02,2581.5091811578195,-117.29610633008173,5163.322247963138,2183.9986187735494
2018-04-03,1901.986007076709,-550.4539325348683,4346.497659302151,2185.0015843208716
2018-04-04,897.2125158258907,-1536.4194111390248,3314.1022225017114,2186.004549868194
2018-04-05,1995.2917789058197,-599.1213461551378,4546.267152325212,2187.0075154155165
2018-04-06,2449.0418044079024,-211.03383754276635,5054.177474799774,2188.0104809628388
2018-04-07,2088.9536375681782,-507.58556608451545,4546.010722292228,2189.013446510161
2018-04-08,2204.9477419447094,-513.9729373286455,4661.452254447635,2190.0164120574836
2018-04-09,2346.099201334984,-355.2296191335544,4800.724393598724,2191.019377604806
2018-04-10,1699.2361792545678,-772.8856931964019,4293.269101931473,2192.022343152128
2018-04-11,726.9936729526394,-1918.1013632717725,3383.5990301043435,2193.0253086994508
2018-04-12,1856.6573371947643,-314.1668393176066,4421.300909004717,2194.028274246773
2018-04-13,2340.306135700202,37.992428166697415,4967.89792607514,2195.031239794095
2018-04-14,2007.7866490716924,-673.1429037822442,4556.648145170848,2196.034205341418
2018-04-15,2148.482586029126,-286.3491461007608,4780.303506106665,2197.0371708887396
2018-04-16,2311.0497680876942,-259.6309168305036,4928.780541190247,2198.0401364360623
2018-04-17,1682.0208504503616,-839.7749202166791,4486.243401630736,2199.043101983385
2018-04-18,723.8617413732088,-1822.1298737088823,3065.833852135292,2200.046067530707
2018-04-19,1863.8145195135548,-608.3522298283956,4451.749652982881,2201.0490330780294
2018-04-20,2354.0357282994546,-129.63520508806238,4799.650774469362,2202.051998625352
2018-04-21,2024.563088731179,-563.6458561093608,4544.390635899632,2203.054964172674
2018-04-22,2165.074474014425,-377.75369660523734,4578.642497387895,2204.0579297199965
2018-04-23,2324.609786894152,-142.11986012997463,4825.0986986273465,2205.060895267319
2018-04-24,1690.1604358727677,-811.9902007517442,4049.195013265201,2206.063860814641
2018-04-25,724.7088551892127,-2009.6141800739306,3249.9534909533613,2207.0668263619636
2018-04-26,1856.053385986629,-859.2049816635044,4569.831543265198,2208.069791909286
2018-04-27,2336.927935470193,-339.3415884386375,4872.454123767557,2209.072757456608
2018-04-28,1997.9499980876128,-380.8336387171475,4528.549365681396,2210.0757230039308
2018-04-29,2129.361414190269,-390.25688140909426,4781.558361660005,2211.078688551253
2018-04-30,2280.733013948062,-280.3944938038037,4854.991350845014,2212.081654098575
2018-05-01,1639.5383107929406,-819.0333763620972,4123.660013911903,2213.084619645898
2018-05-02,669.17910610801,-1826.4610275753746,3051.1175433290045,2214.08758519322
2018-05-03,1797.7986775506145,-746.8289337961033,4191.731506959214,2215.0905507405423
2018-05-04,2278.392251950298,-248.7940358651693,5025.531153821957,2216.093516287865
2018-05-05,1941.7485536807299,-751.5127672093471,4574.081002803221,2217.096481835187
2018-05-06,2078.1869289947717,-364.94213218049833,4609.734740947848,2218.0994473825094
2018-05-07,2237.261235501784,-310.7116057419628,4973.107197545527,2219.102412929832
2018-05-08,1606.3356191425148,-916.0711833564678,4179.921207755995,2220.105378477154
2018-05-09,648.6149180584691,-1884.3557708745254,3300.9447700109204,2221.1083440244765
2018-05-10,1791.9651678707478,-839.7211353048043,4313.373924718989,2222.111309571799
2018-05-11,2289.0336431961164,-342.27479336469776,4878.468460041817,2223.1142751191214
2018-05-12,1970.2019006487458,-617.6888097929863,4608.4858784669495,2224.1172406664436
2018-05-13,2125.335949219665,-399.9025833293651,4687.160332200429,2225.1202062137663
2018-05-14,2303.504325298673,-174.2132019695648,4908.218785787718,2226.123171761088
2018-05-15,1691.5687580101048,-874.3964294561094,4394.488799221138,2227.126137308411
2018-05-16,752.2297158268632,-1701.5942482297598,3343.0075479772245,2228.129102855733
2018-05-17,1912.861861991708,-685.0312973518102,4626.023502326271,2229.1320684030557
2018-05-18,2425.6484208889897,-171.20242277601454,5069.674612422442,2230.135033950378
2018-05-19,2120.5475144197744,-521.8233180082392,4634.653352653385,2231.1379994977
2018-05-20,2287.054226002593,-140.47786169329726,4703.164392233598,2232.1409650450223
2018-05-21,2473.9288488923003,-108.55125621395153,5101.024602754897,2233.1439305923454
2018-05-22,1867.7957402174125,-654.6456451619224,4460.3682017308665,2234.146896139667
2018-05-23,931.194870271582,-1655.365431646188,3547.410286020439,2235.14986168699
2018-05-24,2091.420960808588,-384.10864949493924,4747.44065537128,2236.152827234312
2018-05-25,2600.6591508607335,-65.70697576748695,5130.798625326299,2237.1557927816343
2018-05-26,2288.9502564769773,-308.35058754019025,4821.831090834635,2238.1587583289565
2018-05-27,2445.949458551857,-245.1541983265664,5072.908239242933,2239.1617238762797
2018-05-28,3755.7230037427453,1222.878837913718,6368.164680688043,2240.1646894236014
2018-05-29,1999.9696414858945,-449.15101430874483,4321.599196496204,2241.167654970924
2018-05-30,1046.8028466945732,-1475.0794617796507,3554.056113048345,2242.1706205182463
2018-05-31,2188.839516577399,-321.70568401686404,4860.792864062501,2243.1735860655685
2018-06-01,2678.6939228646784,36.29411872225859,5219.507782890872,2244.1765516128908
2018-06-02,2346.8566429150546,-399.9485157809388,4988.8059499342735,2245.1795171602134
2018-06-03,2483.440579607415,-93.77198357339287,5066.934940740413,2246.1824827075357
2018-06-04,2637.8910599842957,-139.52959886604066,5106.249741123304,2247.1854482548583
2018-06-05,1997.5650045455948,-637.8293001283777,4425.2938002463725,2248.18841380218
2018-06-06,1025.7618609732035,-1531.032171803839,3566.0487764384807,2249.1913793495028
2018-06-07,2150.541815333971,-531.3477193459578,4749.255532956324,2250.1943448968254
2018-06-08,2624.8408352834863,80.22625938297708,5484.9609111117725,2251.197310444147
2018-06-09,2279.416205780144,-304.05171149684946,4784.983719378611,2252.20027599147
2018-06-10,2404.586947010003,-277.7794834712118,4932.3868157809275,2253.203241538792
2018-06-11,2549.940214219758,93.6979045372304,5035.575719138874,2254.2062070861143
2018-06-12,1902.9087359234836,-732.2078126362326,4311.044287707646,2255.209172633437
2018-06-13,926.8019882694057,-1916.7252122998098,3308.041306446887,2256.2121381807597
2018-06-14,2049.6265632002355,-575.4070121912919,4774.991489085476,2257.2151037280814
2018-06-15,2524.2051728706588,22.334761915719294,5254.5545017835575,2258.218069275404
2018-06-16,2181.127786474756,-317.00328212098043,4872.767942669014,2259.2210348227263
2018-06-17,2310.499078461425,-177.6021050116289,4651.466848933512,2260.2240003700485
2018-06-18,2461.6530380682652,-33.75994944039671,5101.59645439341,2261.2269659173708
2018-06-19,1821.739516097444,-614.7586279472968,4416.991771002115,2262.2299314646934
2018-06-20,853.7651044132385,-1493.7974165877142,3577.6231876764277,2263.2328970120157
2018-06-21,1985.4234916826538,-528.7176246754403,4494.146181235813,2264.2358625593383
2018-06-22,2469.224421352291,-165.60808668248472,5158.237490087788,2265.2388281066605
2018-06-23,2135.4544394122336,-542.8128262611614,4652.453780000634,2266.2417936539828
2018-06-24,2273.933319231808,-333.30917625799236,4765.063513635802,2267.244759201305
2018-06-25,2433.736747676699,12.431866846139787,5040.622395099072,2268.2477247486277
2018-06-26,1801.7898162682197,-835.3801969014586,4364.9466608174125,2269.25069029595
2018-06-27,840.9135212025635,-1690.0613415286073,3408.8005440266525,2270.2536558432726
2018-06-28,1978.659269668184,-761.535368746389,4679.1163725579245,2271.2566213905943
2018-06-29,2467.4404221326454,-202.42164763322296,5008.119140463345,2272.259586937917
2018-06-30,2137.494013597735,-341.6133533812634,4581.562338672219,2273.262552485239
2018-07-01,2278.636549149022,-214.60420156404288,4933.325214616009,2274.265518032562
2018-07-02,2439.9845175776845,-148.15836396806378,5064.248288246041,2275.268483579884
2018-07-03,1808.5442753181583,-927.0378526120109,4406.286901957311,2276.271449127207
2018-07-04,193.71761849197355,-2449.5766535429643,2935.631315730787,2277.2744146745285
2018-07-05,1983.8105091187485,-542.3711620744414,4479.112678037434,2278.277380221851
2018-07-06,2470.797383004693,-66.23719120828898,5055.763387708284,2279.280345769174
2018-07-07,2138.6358125033917,-381.0751480434509,4603.75705927268,2280.283311316496
2018-07-08,2277.334307550896,-252.9921041317673,4702.16860070543,2281.2862768638183
2018-07-09,2436.201002103056,-55.357786123231264,4990.991208950052,2282.2892424111405
2018-07-10,1802.4258771642544,-660.4590210844091,4412.099332382557,2283.2922079584628
2018-07-11,839.1151821101762,-1694.1399654977345,3472.141376284783,2284.2951735057854
2018-07-12,1974.1134914448278,-689.3359100710021,4509.731997043918,2285.2981390531077
2018-07-13,2460.122873050842,-84.82330997916638,4863.693090077433,2286.3011046004303
2018-07-14,2127.652749539958,-514.1708470643193,4983.491880911151,2287.3040701477526
2018-07-15,2266.7647645271754,-262.64471604933374,4916.205808894573,2288.307035695075
2018-07-16,2426.7836786749763,-94.99174047512027,5034.046106242506,2289.310001242397
2018-07-17,1794.8792811076285,-601.3743813428532,4533.462116330061,2290.3129667897197
2018-07-18,834.1019485008958,-1807.2316147095855,3312.9862849283427,2291.315932337042
2018-07-19,1972.2072500861907,-621.113731054601,4634.791933877753,2292.3188978843646
2018-07-20,2461.778988305825,-194.4452646211084,4862.059714263735,2293.321863431687
2018-07-21,2133.1841256329926,-549.9662737781415,4594.376807238005,2294.324828979009
2018-07-22,2276.3237377537566,-562.035012916286,4792.847123529461,2295.327794526331
2018-07-23,2440.35081133344,-137.99593040804385,5101.880756866173,2296.330760073654
2018-07-24,1812.2596367650588,-702.1110410568991,4523.089655209281,2297.333725620976
2018-07-25,854.9291719773933,-1846.3217482058535,3224.1635970652164,2298.3366911682983
2018-07-26,1995.95550630948,-540.2298226977127,4562.029433680342,2299.339656715621
2018-07-27,2487.782540568235,-144.171950954026,5072.392910392666,2300.3426222629428
2018-07-28,2160.664064236009,-406.12103044786585,4656.510963793111,2301.3455878102654
2018-07-29,2304.421113389288,-84.6957008156377,4904.745911391477,2302.3485533575877
2018-07-30,2468.165191632589,-26.71745889545776,5026.560330421076,2303.3515189049103
2018-07-31,1838.8918971244534,-688.614572399536,4590.650205169614,2304.3544844522326
2018-08-01,879.5271594776013,-1549.4329337256618,3368.1886106096686,2305.357449999555
2018-08-02,2017.7610840351877,-733.221168560131,4422.692241585926,2306.360415546877
2018-08-03,2506.178433313875,1.2122056707797335,5168.240781219835,2307.3633810941997
2018-08-04,2175.2188884263564,-356.6839644302533,4824.82283559355,2308.366346641522
2018-08-05,2314.9309856868404,-285.8059355598763,4805.5917411015025,2309.3693121888446
2018-08-06,2474.6903723018586,-226.36291338819612,5047.940225431022,2310.372277736167
2018-08-07,1841.7870342777946,-850.7993180245182,4458.189483191286,2311.375243283489
2018-08-08,879.463856008419,-1732.4236080771543,3419.6413869158982,2312.378208830811
2018-08-09,2015.741706286946,-524.6120434820484,4420.757844823321,2313.381174378134
2018-08-10,2503.5403134468406,-59.879311721529525,5213.538324402791,2314.384139925456
2018-08-11,2173.628335097195,-342.80194527224296,4739.55744476831,2315.387105472779
2018-08-12,2316.366801916476,-481.5896335968633,4889.876100779663,2316.390071020101
2018-08-13,2481.416877762155,-207.01840577168926,5105.024327426784,2317.393036567423
2018-08-14,1856.3168926376945,-817.4465955974456,4388.801756583264,2318.3960021147454
2018-08-15,904.5113081262934,-1627.496544512505,3663.4326347383894,2319.398967662068
2018-08-16,2054.167097940868,-609.9054783127536,4653.896090164879,2320.4019332093903
2018-08-17,2558.2870738751485,-62.790779547117545,4908.598031911003,2321.404898756713
2018-08-18,2247.6538019677023,-332.3750923589312,4852.047537588323,2322.407864304035
2018-08-19,2412.568492567285,-205.49051251254429,4979.810771723318,2323.4108298513574
2018-08-20,2602.5559696768482,-33.08060555703657,5284.175440203681,2324.4137953986797
2018-08-21,2004.9407933415469,-585.489170131539,4585.356249164975,2325.416760946002
2018-08-22,1082.8772624515084,-1445.606762635053,3419.666549058583,2326.4197264933246
2018-08-23,2264.16879684893,-366.24565819213143,4897.9960899295,2327.4226920406472
2018-08-24,2801.3861930901053,189.1474007490159,5258.407600160921,2328.425657587969
2018-08-25,2524.818311206262,16.35742350785994,4926.719829852413,2329.4286231352917
2018-08-26,2724.2194396927234,154.3451633753931,5259.591680588306,2330.431588682614
2018-08-27,2948.5242617459216,452.4236242779795,5590.737849264344,2331.4345542299366
2018-08-28,2384.4352736769983,-153.85894780889194,5075.040466635836,2332.437519777259
2018-08-29,1494.4651249474841,-1048.9872640963904,4031.736676473194,2333.440485324581
2018-08-30,2705.7690929942305,23.170719917535788,5391.517724575564,2334.443450871903
2018-08-31,3270.2768809543377,625.2571693188268,5647.8396500676035,2335.446416419226
2018-09-01,3017.656977273787,433.8000869567911,5498.429057313477,2336.449381966548
2018-09-02,3237.077502017687,598.4940068792253,5664.737131210282,2337.4523475138703
2018-09-03,4202.949450963854,1751.0997094718662,6766.288741345434,2338.455313061193
2018-09-04,2923.44974285053,486.1658159415189,5263.557303683083,2339.4582786085152
2018-09-05,2038.7276761493652,-771.1548658917715,4512.484650568744,2340.4612441558374
2018-09-06,3249.5940494153424,549.4912579649084,5856.156489435829,2341.46420970316
2018-09-07,3807.7376128735314,1074.797040298903,6216.45634511429,2342.467175250482
2018-09-08,3542.6804854271836,986.0708696595975,6110.745042597374,2343.4701407978046
2018-09-09,3743.54346246746,1183.5108334038623,6190.913953772564,2344.4731063451272
2018-09-10,3958.7764206900038,1473.8625715993921,6339.104650280353,2345.476071892449
2018-09-11,3374.758320496727,932.8795268193205,5945.352885851352,2346.4790374397717
2018-09-12,2453.848994367038,137.45911708414883,5077.727247625325,2347.482002987094
2018-09-13,3623.2277284111124,1122.755209844784,6258.141413155613,2348.484968534416
2018-09-14,4135.0276988287715,1599.1099407641266,6903.803001284955,2349.487934081739
2018-09-15,3819.29945706694,1234.6349865169643,6671.420635327513,2350.4908996290615
2018-09-16,3965.7674246027245,1318.204460998028,6540.28922539563,2351.493865176383
2018-09-17,4123.550117472682,1589.2472770826018,6825.041199752227,2352.496830723706
2018-09-18,3479.7488357323455,1042.691328565074,5995.129478004696,2353.499796271028
2018-09-19,2497.487260354701,-242.7284762308843,4879.769046835668,2354.5027618183503
2018-09-20,3604.7372319362703,1169.2306342715317,5971.606939911467,2355.505727365673
2018-09-21,4054.4400456923486,1571.28815605689,6829.976570414403,2356.5086929129952
2018-09-22,3677.456728270395,1104.3197060538348,6243.88678965504,2357.5116584603174
2018-09-23,3764.311521177793,1210.7940935593915,6350.2589630331695,2358.51462400764
2018-09-24,3864.8995407066604,1267.083937254209,6411.246529533158,2359.5175895549623
2018-09-25,3167.0635796982606,619.7529199105846,5603.720633212842,2360.520555102285
2018-09-26,2134.6226992870393,-587.663227620282,4763.478089086277,2361.5235206496072
2018-09-27,3196.188062150275,843.2582998075388,5886.764494787405,2362.5264861969295
2018-09-28,3605.275487494285,1237.8898550216445,6120.135610746992,2363.5294517442517
2018-09-29,3193.2483055514504,629.1043319565756,5886.717403646642,2364.5324172915743
2018-09-30,3251.054814279309,687.2220784668366,5812.385269053437,2365.535382838896
2018-10-01,3328.931351759607,834.6624393938865,5968.932412987558,2366.5383483862192
2018-10-02,2614.975959887037,192.09707995893245,5315.1269212813395,2367.5413139335415
2018-10-03,1573.1752665997415,-917.4147708789062,4214.02859589669,2368.5442794808637
2018-10-04,2632.2199885262944,72.74590189844491,5005.536599547532,2369.547245028186
2018-10-05,3045.618459682571,646.668970250366,5847.392517732103,2370.5502105755086
2018-10-06,2644.6416680326347,-125.2853897148039,5282.380293955724,2371.5531761228303
2018-10-07,2720.0639899593352,125.30340251441035,5268.831078574139,2372.5561416701535
2018-10-08,2545.266793078282,24.92239601134544,5022.572173149912,2373.5591072174752
2018-10-09,2137.83577581417,-550.4759645820781,4681.83422756624,2374.562072764798
2018-10-10,1131.5564582592594,-1392.690517311027,3878.070555326743,2375.56503831212
2018-10-11,2231.2732188826662,-301.30236205556145,4849.177906074239,2376.5680038594423
2018-10-12,2689.991024626295,278.67579596380267,5273.529053692488,2377.5709694067646
2018-10-13,2338.431290600513,-248.36520442360472,4868.711792324032,2378.5739349540877
2018-10-14,2466.7799222625217,-132.4179449429228,5223.419871204601,2379.5769005014095
2018-10-15,2624.4020475719,5.072803049373016,5292.376065606138,2380.579866048732
2018-10-16,1998.4281970472111,-569.4843251329954,4526.743994448307,2381.5828315960543
2018-10-17,1051.7943524732889,-1600.0816653205973,3686.045278768757,2382.5857971433766
2018-10-18,2212.071074911086,-392.7718384109403,4637.781687133268,2383.5887626906992
2018-10-19,2731.590944442,128.2343268787409,5272.534585874768,2384.5917282380215
2018-10-20,2440.40764031065,-227.68416873794715,5235.72615489348,2385.5946937853437
2018-10-21,2628.050718718639,57.46511901919449,4916.274868861617,2386.5976593326664
2018-10-22,2843.246864102269,340.2146117797012,5489.487048255286,2387.6006248799886
2018-10-23,2272.5123627674607,-239.71468026184462,4899.375153257899,2388.603590427311
2018-10-24,1378.199212361059,-1109.1928243013742,3905.7776239626305,2389.6065559746335
2018-10-25,2587.3300695242624,-148.94603028737797,5208.505693937387,2390.6095215219557
2018-10-26,3151.7312561407216,487.92684874962026,5767.538753301572,2391.612487069278
2018-10-27,2900.9971346018056,435.1823136935308,5305.809267143368,2392.6154526166006
2018-10-28,3124.249882885867,487.6629904284254,5678.736176270017,2393.6184181639223
2018-10-29,3369.8654092093143,949.9976676197637,6172.284955339253,2394.621383711245
2018-10-30,2824.0701083558956,376.2213433507226,5426.860027583768,2395.6243492585677
2018-10-31,1948.9908157183902,-769.3389644281542,4732.509256874299,2396.62731480589
2018-11-01,3171.4930935823168,529.896214222419,5646.139175642797,2397.630280353212
2018-11-02,3743.316993315177,1362.7336516377493,6283.265658201142,2398.633245900535
2018-11-03,3494.0435199317008,929.3597215509407,6123.065611660462,2399.6362114478566
2018-11-04,3712.855741584036,1177.36419359885,6275.931262901717,2400.6391769951792
2018-11-05,3948.2651940814344,1362.1943362783654,6439.731863012264,2401.642142542502
2018-11-06,3386.7081954369723,826.78748056282,5931.449582769437,2402.645108089824
2018-11-07,2490.5943457947114,-37.54650923148921,4995.826490111216,2403.6480736371464
2018-11-08,3687.1422773784752,1021.2316896341518,6251.315480614499,2404.651039184469
2018-11-09,4228.5117431932285,1485.0536850378555,6728.44001316377,2405.654004731791
2018-11-10,3944.765235392905,1467.7024086609374,6425.4662035288175,2406.6569702791135
2018-11-11,5169.417284792622,2511.7587804288264,7794.957107795328,2407.6599358264357
2018-11-12,4338.282051915767,1759.9071666331986,6927.656377394911,2408.662901373758
2018-11-13,3715.5060420495283,1070.8137082925234,6162.589331913156,2409.6658669210806
2018-11-14,2774.6599748073154,291.2582420844737,5413.371419734317,2410.668832468403
2018-11-15,3925.5403440542887,1421.5285984275083,6472.184309754218,2411.671798015725
2018-11-16,4420.99363434796,1913.5397427339421,6866.256735133586,2412.6747635630477
2018-11-17,4091.7666735262346,1499.3357978839028,6632.630601004575,2413.67772911037
2018-11-18,4228.249509095918,1907.2021618420965,6828.83151126263,2414.680694657692
2018-11-19,4380.1822037735965,1910.7899639339323,6992.270786133988,2415.683660205015
2018-11-20,3735.2304586645632,1139.1699139666273,6270.193643002483,2416.6866257523366
2018-11-21,2757.0126815491585,105.4258386632716,5296.028206243032,2417.6895912996592
2018-11-22,3241.5370684319087,596.6446799970039,5771.111067909253,2418.692556846982
2018-11-23,4339.196383408983,1769.3439986887704,6810.813611163787,2419.695522394304
2018-11-24,3983.939556172485,1400.7233248943173,6604.998878232303,2420.6984879416264
2018-11-25,4098.775366650849,1478.0322673952455,6624.956820274847,2421.701453488949
2018-11-26,4233.588487101928,1697.0567488744696,6708.723951423337,2422.704419036271
2018-11-27,3576.0875341176197,1054.1345183243102,5985.6057705546555,2423.7073845835935
2018-11-28,2589.829760924582,-82.11573430488207,5132.629983001043,2424.710350130916
2018-11-29,3703.0348677935726,1083.6413142059457,6295.127106728151,2425.7133156782384
2018-11-30,4168.697539358334,1653.287049943141,6713.486484952596,2426.7162812255606
2018-12-01,3817.5323955665335,1130.319919928985,6592.8871129948675,2427.719246772883
2018-12-02,3939.7157437182773,1604.5096108359744,6565.229320952975,2428.722212320205
2018-12-03,4084.5952015246644,1497.8403269169316,6855.959681622096,2429.7251778675277
2018-12-04,3439.2721904960626,910.0136386002604,6041.109610111724,2430.72814341485
2018-12-05,2466.6399136653704,-17.310333815885308,5130.188848721552,2431.7311089621726
2018-12-06,3594.212165910672,943.4334007287624,6143.8496382308695,2432.734074509495
2018-12-07,4074.2522850043274,1400.050601978256,6512.395895448793,2433.737040056817
2018-12-08,3736.735581980562,1074.4085496721284,6193.892471883756,2434.7400056041392
2018-12-09,3871.1092498531607,1417.1365270428612,6409.808121656004,2435.742971151462
2018-12-10,4026.0204005787846,1564.1354061854404,6696.364232900546,2436.745936698784
2018-12-11,3387.916787474569,692.7872540069131,5909.471835690316,2437.748902246107
2018-12-12,2419.1023740002834,89.8949782532609,5119.0430110154675,2438.751867793429
2018-12-13,3546.5826441454883,957.9159458447075,6098.950520186144,2439.7548333407512
2018-12-14,4022.2085217934587,1431.325358793851,6459.623797394956,2440.7577988880735
2018-12-15,3675.6518208438692,1171.2295641483365,6307.494097542975,2441.760764435396
2018-12-16,3796.1758440716458,1240.187243555093,6514.876843599763,2442.7637299827184
2018-12-17,3932.371446443134,1360.3672980353867,6813.976128980098,2443.766695530041
2018-12-18,3270.7628430425953,751.7702822442909,5764.833537675448,2444.7696610773633
2018-12-19,2273.865111483003,-251.23473551758215,4836.599345132496,2445.7726266246855
2018-12-20,3369.028146776158,840.563335334631,5797.442899098291,2446.7755921720077
2018-12-21,3808.575878166974,1212.416361944682,6380.415674079681,2447.7785577193304
2018-12-22,3422.773695121059,668.2212877363964,5830.457507537083,2448.7815232666526
2018-12-23,3501.5878109912055,755.8358377956667,5983.393934287721,2449.7844888139753
2018-12-24,3594.4070751256263,1144.3337920415195,6118.913432832083,2450.787454361297
2018-12-25,4759.671955836647,2040.4879748358444,7379.005938910352,2451.7904199086197
2018-12-26,1847.7118407832797,-757.7069428704591,4127.671414276301,2452.793385455942
2018-12-27,2899.9693077637676,495.2210028114321,5400.551235305738,2453.796351003264
2018-12-28,3298.7148738815426,789.9173564278734,6065.641602916036,2454.799316550587
2018-12-29,2875.191489757575,307.6294352417759,5490.883017198808,2455.802282097909
2018-12-30,2920.309606672203,171.82791674140844,5393.447655164473,2456.8052476452312
